,Title,Citation,DOI,Year,FINDINGS,affiliation,lab_size,Highest_degree,Degree_area,Publication_Rate,Other Journals Published In,duration of Career(Years)
0,"Ovarian cancer cells, not normal cells, are damaged by Mirk/Dyrk1B kinase inhibition","PLOS One, April 2014 | Volume 9 | Issue 4 | e95434",10.1371/journal.pone.0095926,2013,"Shifted blots, representing different proteins","Nephrology Unit, Department of Medicine, Faculty of Medicine, Thammasat University (Rangsit Campus), Khlong Nueng, Khlong Luang, Pathum Thani 12121, Thailand.",9,,Psychology,3.25,100,10
1,Physical characterisation of Tenacibaculum maritimum for vaccine development,"PLOS ONE, February 2013 | Volume 8 | Issue 2 | e57285, doi:10.1371/journal.pone.0057285",10.1155/2014/164391,2013,"duplicated gel panels, exact duplicate","Divisiont of Urology, Kobe University Graduate School of Medicine, Japan. hara@med.kobe-u.ac.jp",5,,,0.7142857142857143,34,11
2,Mitochondrial Dysfunction Promotes Breast Cancer Cell Migration and Invasion through HIF1a Accumulation via Increased Production of Reactive Oxygen Species,"Infect. Immun. Feb. 2003, p. 948Ä955 Vol. 71, No. 2",10.1371/journal.pone.0099137,2013,Duplicated microscopy images,None,13,Doctor of Philosophy,,1.2222222222222223,29,15
3,Orphan Nuclear Receptor Errc Induces C-Reactive Protein Gene Expression through Induction of ER-Bound Bzip Transmembrane Transcription Factor CREBH,"PLOS ONE, July 2013 | Volume 8 | Issue 7 | e69583, doi: 10.1371/journal.pone.0069583",10.1016/j.cyto.2008.12.013,2009,"Duplicated/mirrored bands, manipulated","a Ovarian Cancer Research Center ; Department of Obstetrics and Gynecology ; Perelman School of Medicine; University of Pennsylvania ; Philadelphia , PA USA.",15,,,42.857142857142854,13,8
4,Pathological Impact of Hepatitis B Virus Surface Proteins on the Liver Is Associated with the Host Genetic Background,"Environmental Microbiology (2009) 11(5), 1126Ä1136",10.1002/ijc.27989,2011,Duplicated lanes within same gel panel,"National Institute of Biomedical Genomics, 2nd Floor Netaji Subash Sanatorium, Kalyani 741251, India.",5,DVM,,0.6666666666666666,9,6
5,Cisplatin in combination with zoledronic acid: A synergistic effect in triple-negative breast cancer cell lines,"Infect. Immun. 2012, 80(8):2948",10.1371/journal.pone.0095434,2008,"Duplicated, and shifted GAPDH gel panel","Breast Disease Center, Southwest Hospital, Third Military Medical University, Chongqing, P.R. China.",13,,,50.0,18,18
6,Functional CD40 Expression Induced following Bacterial Infection of Mouse and Human Osteoblast,"PLOS Pathogens, February 2014 | Volume 10 | Issue 2 | e1003981",10.1016/j.cyto.2005.12.007,2014,"duplicated FACS plots, one pair exact, other possibly altered, duplicated blot panels, flipped","Department of Minimally Invasive Surgery, The First Affiliated Hospital of Nanjing Medical University, Nanjing 210029, P.R. China.",5,,,8.5,1,12
7,Heat Shock Protein 27 Is Spatially Distributed in the Human Placenta and Decreased during Labor,Lung Cancer 63 (2009) 227Ä234,10.1371/journal.pone.0086342,2012,"Multiple, multiple cases of duplicated lanes within blots/gels","Nephrology Unit, Department of Medicine, Faculty of Medicine, Thammasat University (Rangsit Campus), Khlong Nueng, Khlong Luang, Pathum Thani 12121, Thailand.",13,,,4.125,300,7
8,A Critical Role for Notch Signaling in the Formation of Cholangiocellular Carcinomas,"Infect. Immun. 2012, 80(3):1193",10.1371/journal.ppat.1003576,2012,Rotated western blot,"Department of Craniofacial Biology and the Center for Oral Health Research, Medical University of South Carolina, SC 29425, United States.",13,,,0.6666666666666666,89,19
9,Role of MyD88 in Diminished Tumor Necrosis Factor Alpha Production by Newborn Mononuclear Cells in Response to Lipopolysaccharide,"PLOS Pathogens 2014, April 2014 | Volume 10 | Issue 4 | e1004059, doi:10.1371/journal.ppat.1004059",10.1038/onc.2013.184,2004,"Overlapping microscopy, manipulated images of mice",None,9,,,0.4705882352941176,30,11
10,The effect of transforming growth factor _1 on the crosstalk between autophagy and apoptosis in the annulus fibrosus cells under serum deprivation,Journal of Autoimmunity 25 (2005) 206-214,10.1016/j.cyto.2013.04.009,2013,"Possible patches in microscopy, possible duplicated lanes","University of Glasgow School of Medicine, Institute of Medical Genetics, Yorkhill Hospital, Glasgow, United Kingdom",0,,,3.5,89,11
11,"Effects of Moraxella (Branhamella) ovis Culture Filtrates on Bovine Erythrocytes, Peripheral Mononuclear Cells and Corneal Epithelial Cells",Cytokine 46 (2009) 96Ä99,10.1016/j.cyto.2005.12.007,2014,Duplicated microscopy images,"Second Department of Internal Medicine, Tottori University School of Medicine, Tottori 683-8504, Japan.",11,PhD,Engineering,2.0,11,4
12,Invasiveness and anchorage independent growth ability augmented by PTEN inactivation through the PI3K/AKT/NFkB pathway in lung cancer cells,"PLOS One, April 2014 | Volume 9 | Issue 4 | e92189",10.1016/j.cyto.2008.12.021,2011,Duplicated control blot panel,"National Institute of Biomedical Genomics, 2nd Floor Netaji Subash Sanatorium, Kalyani 741251, India.",11,,,1.5714285714285714,7,4
13,Frequent methylation and oncogenic role of microRNA-34b/c in small-cell lung cancer,"J. Clin. Microbiol. 2003, 41(8):3584",10.1186/bcr3322,2012,"Possible patches in microscopy, possible duplicated lanes","The Johns Hopkins Oncology Center, Program in Human Genetics, The Johns Hopkins University School of Medicine, Baltimore, Maryland 21231, USA.",11,,,75.0,30,3
14,D14ÄSCFD3-dependent degradation of D53 regulates strigolactone signalling,"Infection and Immunity 73: Feb. 2003, p. 766Ä773",10.1016/j.lungcan.2008.05.026,2014,"duplicated background, pasted-in bands?","Servicio de Microbiología, Hospital Son Dureta and Instituto Universitario de Investigación en Ciencias de la Salud, Palma de Mallorca, Spain.",17,,Biology,2.6,66,15
15,Physical characterisation of Tenacibaculum maritimum for vaccine development,"PLOS Pathogens, August 2013 | Volume 9 | Issue 8 | e1003576",10.1038/nature08027,2014,Duplicated microscopy panels,"Institute of Medicine, Chung Shan Medical University, No. 110, Section 1, Jianguo N. Road, Taichung 402, Taiwan.",7,PhD in Biochemistry,Biology,0.75,89,4
16,First Infection with VanD-Type Glycopeptide-Resistant Enterococcus faecium in Europe,Cytokine 30 (2005) 319-327,10.1155/2013/467245,2013,Manipulated FACS plots,"Departamento de Bioquímica y Biología Molecular, Facultad de Ciencias Químicas y Farmacéuticas, Universidad de Chile, Santiago, Chile.",13,DVM,Biology,1.3333333333333333,8,9
17,Honokiol activates AMP-activated protein kinase in breast cancer cells via an LKB1-dependent pathway and inhibits breast carcinogenesis,Cytokine 63 (2013) 1Ä5,10.1016/j.cyto.2011.06.005,2013,overlapping microscopy images,"Department of Human and Molecular Genetics, Virginia Commonwealth University School of Medicine, Richmond, VA.",17,PhD Chemistry,,3.0,300,1
18,Genotyping and Phenotyping of Beta2-Toxigenic Clostridium perfringens Fecal Isolates Associated with Gastrointestinal Diseases in Piglets,"PLOS ONE, June 2014 | Volume 9 | Issue 6 | e98448",10.1186/bcr3200,2014,"Reused lanes, possibly duplicated lanes","Department of Bioengineering, University of California, Berkeley, California 94720, USA.",9,,Biology,0.5,22,9
19,Role of MyD88 in Diminished Tumor Necrosis Factor Alpha Production by Newborn Mononuclear Cells in Response to Lipopolysaccharide,Journal of Autoimmunity 54 (2014) 118-126,10.1155/2012/732578,2014,Duplicated negative blot,"Department of Veterinary Biosciences, College of Veterinary Medicine, The Ohio State University, Columbus 43210-1093, USA.",15,PhD,,0.8,14,16
20,Loss of the Par3 Polarity Protein Promotes Breast Tumorigenesis and Metastasis,Cytokine 60 (2012) 284Ä293,10.1371/journal.pone.0053510,2010,Overlapping microscopy panels,"Department of Life Science, National Taiwan Normal University, 88 Ting-chou Road, sec 4, Taipei, Taiwan.",5,PhD,Biology,3.25,40,27
21,Fine Tuning Inflammation at the Front Door: Macrophage Complement Receptor 3-mediates Phagocytosis and Immune Suppression for Francisella tularensis,"Science 325, 1254 (2009)",10.1111/j.1348-0421.2004.tb03525.x,1998,"Duplicated cells within microscopy panels, multiple cases, duplicated blots","Case Western Reserve University, Center for Global Health and Diseases, Cleveland, Ohio, USA",21,,,5.0,300,5
22,Distinct expression of C4.4A in colorectal cancer detected by different antibodies,Microbiol Immunol 2010; 54: 564Ä567,10.1371/journal.pone.0096343,2013,"Duplicated blot strips, two cases","Department of Veterinary PathoBiology, College of Veterinary Medicine, University of Minnesota, St. Paul, Minnesota 55108, USA.",3,DVM,Engineering,0.8333333333333334,12,6
23,CARM1 Methylates Chromatin Remodeling Factor BAF155 to Enhance Tumor Progression and Metastasis,Cytokine 36 (2006) 218Ä228,10.1111/j.1348-0421.2004.tb03525.x,2010,"duplicated lanes within same blot, or in different blots, duplicated microscopy panel","Department of Experimental Medicine, Section of Microbiology and Clinical Microbiology, Faculty of Medicine, Second University of Naples, Naples, Italy.",7,,Political Science,17.647058823529417,76,10
24,cDNA cloning and functional analysis of goose interleukin-2,"Infect. Immun. Mar. 2010, p. 994Ä1003 Vol. 78, No. 3",10.1371/journal.pone.0096343,2009,overlapping microscopy images,"Program on Emerging Infectious Diseases, DUKE-NUS Graduate Medical School, Singapore",11,PhD,Biology,0.8333333333333334,8,27
25,Involvement of Nrf2-Mediated Upregulation of Heme Oxygenase-1 in Mollugin-Induced Growth Inhibition and Apoptosis in Human Oral Cancer Cells,Journal of Autoimmunity 27 (2006) 38-49,10.1016/j.cyto.2008.06.003,2014,Overlapping microscopy images,"INSERM U 427, Faculté des Sciences Pharmaceutiques et Biologiques de Paris, Université René Descartes, Paris V, 4 avenue de l'Observatoire, 75270 Paris Cedex 06, France.",13,,,26.0,300,10
26,RNA-seq Analysis of Host and Viral Gene Expression Highlights Interaction between Varicella Zoster Virus and Keratinocyte Differentiation,"Environmental Microbiology (2012) 14(8), 1982Ä1994",10.1073/pnas.1202214109,2014,"Duplicated blots, multiple cases",None,9,PhD,Biology,30.0,25,10
27,"Differential regulation of Cu, Zn- and Mn-superoxide dismutases by retinoic acid in normal and psoriatic human fibroblasts","BMC Microbiology 2013, 13:113",10.1186/1471-2180-10-53,2012,Overlapping microscopy images,"National Human Genome Research Institute, National Institutes of Health, Bethesda, Maryland, United States of America",25,Ph.D,,3.7777777777777777,9,10
28,Dose-Dependent Effect of Estrogen Suppresses the Osteo-Adipogenic Transdifferentiation of Osteoblasts via Canonical Wnt Signaling Pathway,"PLOS One, March 2014 | Volume 9 | Issue 3 | e90608",10.1016/j.lungcan.2006.06.006,2011,"duplicated blots, shifted, band duplicated within same panel",None,11,,Medicine,7.777777777777778,300,8
29,Kaiso is expressed in lung cancer: Its expression and localization is affected by p120ctn,"Lung Cancer (2006) 53, 263Å271",10.1016/j.cyto.2012.05.021,2004,Duplicated blots,"Department of Pathophysiology, School of Pharmacy and Biochemistry, University of Buenos Aires, INFIBIOC-CONICET, Argentina ; Cátedra de Fisiopatología, Facultad de Farmacia y Bioquímica, UBA, Junín 956, Piso 5, 1113 Buenos Aires, Argentina.",7,,,42.857142857142854,144,6
30,TspanC8 tetraspanins regulate ADAM10/Kuzbanian trafficking and promote Notch activation in flies and mammals,Cytokine 42 (2008) 198Ä204,10.1016/j.cyto.2007.01.002,2008,duplicated microscopy panels,"Department of Internal Medicine, Faculty of Medicine, Saga University, 5-1-1 Nabeshima, Saga 849-8501, Japan.",15,Doctor of Philosophy,Biology,3.6,13,14
31,First Infection with VanD-Type Glycopeptide-Resistant Enterococcus faecium in Europe,"J. Clin. Microbiol. 1998, 36(6):1666-1673",10.1128/JCM.44.3.772-776.2006,2013,"Duplicated bands within blot strips, multiple cases","Department of Hematology and Oncology, The First Hospital, Jilin University, 71 Xinmin Street, Changchun 130021, China.",6,,,5.8,6,19
32,14-3-3__ is required to prevent mitotic catastrophe after DNA damage,Cytokine 44 (2008) 221Ä228,10.1016/j.cyto.2009.11.020,2014,Overlapping images of colony panels,"Department of Biochemistry and Molecular Biology, University of Texas Medical Branch, Galveston, TX 77555, USA.",11,PhD,,0.4705882352941176,300,12
33,Regulation of MYC Expression and Differential JQ1 Sensitivity in Cancer Cells,"PLOS Pathogens,  June 2014 | Volume 10 | Issue 6 | e1004195",10.1016/j.cyto.2013.04.005,2012,reuse of 2 bands multiple times to create blot panel,"Institue of Biomedical Engineering, West China School of Preclinical and Forensic Medicine, Sichuan University, China.",13,,,60.0,56,9
34,Augmentation of Epithelial Resistance to Invading Bacteria by Using mRNA Transfections,Cytokine 42 (2008) 198Ä204,10.1128/IAI.00013-12,2006,"duplicated, and mirrored blots","1] INSERM, U895 (équipe 1), Equipe labélisée Ligue Contre le Cancer, C3M, 06204 Nice, France [2] Université of Nice Sophia-Antipolis, UFR Médecine, 06204 Nice, France [3] Centre Hospitalier Universitaire de Nice, Service de Dermatologie, 06204 Nice, France [4].",13,,Psychology,1.2727272727272727,300,20
35,Repression of microRNA-768-3p by MEK/ERK signalling contributes to enhanced mRNA translation in human melanoma,"PLOS ONE, May 2014 | Volume 9 | Issue 5 | e96343",10.1128/IAI.01203-10,2004,"Duplicated, and shifted western blot panels","Division of Oncology/Hematology, Department of Internal Medicine, Korea University College of Medicine, Seoul, Republic of Korea.",17,PhD,,2.9411764705882355,14,20
36,Antirecoverin autoantibodies in the patient with non-small cell lung cancer but without cancer-associated retinopathy,"Infect. Immun. Mar. 2003, p. 1209Ä1216",10.3892/ijo.2012.1617,2012,"Duplicated or mirrored blot panels, or lanes within blots","Anhui Provincial Laboratories of Pathogen Biology and Zoonoses, Department of Microbiology and Parasitology, Anhui Medical University, Hefei, China",0,PhD,,50.77777777777778,300,10
37,S137 Phosphorylation of Profilin 1 Is an Important Signaling Event in Breast Cancer Progression,"Nature, Vol. 401, 7 October 1999, page 616",10.1016/j.cyto.2008.06.003,2010,"Duplicated compressed blots, overlapping microscopy","Department of Immunology, Medical College of Chinese People's Armed Police Forces, Tianjin, People's Republic of China. wy68wy68@yahoo.com.cn",13,Ph.D.,Biology,1.25,10,14
38,IL-13 induces translocation of NF-kappaB in cultured human bronchial smooth muscle cells,"PLOS One, April 2014 | Volume 9 | Issue 4 | e95434",10.1002/ijc.27863,2013,Multiple cases of shifted or duplicated blot panels,"Department of Microbiology, Laboratory of Mycotoxins and Toxigenic Fungi, University of São Paulo, São Paulo, São Paulo, Brazil",15,PhD,,2.6666666666666665,12,10
39,Tumor necrosis factor alpha down-regulates the Na+-K+ ATPase and the Na+-K+2Cl- cotransporter in the kidney cortex and medulla,"PLOS ONE, July 2013 | Volume 8 | Issue 7 | e69134, doi:10.1371/journal.pone.0069134",10.1371/journal.ppat.1003896,2013,Same band seen twice in one blot strip,"Institute of Orthopedic Surgery, Xijing Hospital, Fourth Military Medical University, Xi’an, People’s Republic of China",5,,,1.15,34,14
40,"Molecular Cloning, Expression and Serological Evaluation of an 8-Kilodalton Subunit of Antigen B from Echinococcus multilocularis","Int. J. Cancer: 132, 1940Ä1953 (2013)",10.1016/j.ccr.2013.12.007,2011,Duplicated lane within blot,"Program on Emerging Infectious Diseases, DUKE-NUS Graduate Medical School, Singapore",9,Doctor of Philosophy,,2.6,2,9
41,Imbalance between pSmad3 and Notch induces CDK inhibitors in old muscle stem cells,"Breast Cancer Research 2012, 14:R86",10.1371/journal.pntd.0002890,2009,"Duplicated blots, multiple cases","Department of Cardiology, Zhongda Hospital, Medical School of Southeast University, Nanjing, Jiangsu, China",7,,,2.0526315789473686,39,8
42,In vitro susceptibility to the pro-apoptotic effects of TIMP-3 gene delivery translates to greater in vivo efficacy versus gene delivery for TIMPs-1 or -2,"Journal of Applied Microbiology 2010, 109:1668Ä1676",10.1111/j.1348-0421.2004.tb03525.x,2006,Duplicated blots,"School of Medicine, Chung Shan Medical University, 110 Chien-Kuo N. Road, Section 1, Taichung 402, Taiwan ; Department of Emergency Medicine, Chung Shan Medical University, 110 Chien-Kuo N. Road, Section 1, Taichung 402, Taiwan ; Department of Emergency Medicine, Chung Shan Medical University Hospital, 110 Chien-Kuo N. Road, Section 1, Taichung 402, Taiwan.",17,,,2.071428571428572,3,5
43,Caffeic Acid Phenethyl Ester Inhibits Oral Cancer Cell Metastasis by Regulating Matrix Metalloproteinase-2 and the Mitogen-Activated Protein Kinase Pathway,"Oncogene (2014), 1Ä13",10.1016/j.cyto.2012.04.029,2014,"Duplicated, mirrored bands within same panels","School of Pharmacy, Second Military Medical University, Shanghai, China",13,,Biology,4.125,14,3
44,Differential chemokine expression in tubular cells in response to urinary proteins from patients with nephrotic syndrome,"PLOS Pathogens 2014, April 2014 | Volume 10 | Issue 4 | e1004059, doi:10.1371/journal.ppat.1004059",10.1128/JCM.42.3.1082-1088.2004,2004,Mirrored microscopy image,"Department of Biology, University of North Carolina at Charlotte, Charlotte, North Carolina 28223, USA. lwschrum@email.uncc.edu",29,,Psychology,2.333333333333333,6,12
45,The Type VI Secretion System Encoded in Salmonella Pathogenicity Island 19 Is Required for Salmonella enterica Serotype Gallinarum Survival within Infected Macrophages,"Breast Cancer Research 2012, 14:R127",10.1128/IAI.00539-13,2005,Duplicated western blots,"Department of Surgery, Gastroenterological Surgery, Graduate School of Medicine, Osaka University, Suita, Osaka, Japan.",19,,,1.7,8,20
46,MMP7-mediated cleavage of nucleolin at Asp255 induces MMP9 expression to promote tumor malignancy,"Nature, 2011 Oct 19;480(7375):94-8",10.1016/j.cyto.2012.05.021,2009,,"Université de Lyon, Université Lyon 1, CNRS UMR 5240 ""Microbiologie, Adaptation et Pathogénie,"" 69622 Villeurbanne, France.",21,PhD,,10.875,300,5
47,Multi-Method Approach for Characterizing the Interaction between Fusarium verticillioides and Bacillus thuringiensis Subsp. Kurstaki,"PLOS ONE, January 2014 | Volume 9 | Issue 1 | e84982",10.1016/j.cyto.2006.12.003,2012,"Overlapping blots, two cases","Department of Genetics, Washington University School of Medicine, St. Louis, Missouri, United States of America",7,PhD,Biology,3.125,47,3
48,"Expression of Mina53, a novel c-Myc target gene, is a favorable prognostic marker in early stage lung cancer","PLOS ONE, August 2014 | Volume 9 | Issue 8 | e103868",10.1155/2014/640857,2013,"Duplicated pic of agar plate, but different exposure.","Department of Internal Medicine, Faculty of Medicine, Saga University, 5-1-1 Nabeshima, Saga 849-8501, Japan.",21,PhD,Biology,1.4444444444444444,7,5
49,S137 Phosphorylation of Profilin 1 Is an Important Signaling Event in Breast Cancer Progression,"Infect. Immun. Mar. 2004, p. 1223Ä1229 Vol. 72, No. 3",10.1128/IAI.00539-13,2013,overlapping microscopy images,"1] State Key Laboratory of Plant Genomics and National Center for Plant Gene Research (Beijing), Institute of Genetics and Developmental Biology, Chinese Academy of Sciences, Beijing 100101, China [2].",5,PhD in Biochemistry,,0.18181818181818185,12,18
50,Localization of the Intracellular Activity Domain of Pasteurella multocida Toxin to the N Terminus,"BioMed Research International, Volume 2014, Article ID 272101",10.1371/journal.pone.0062170,2014,Duplicated actin blot,"Department of Molecular Biology and Microbiology, Graduate Program in Molecular Microbiology, Sackler School of Graduate Biomedical Science, Tufts University School of Medicine, Boston, Massachusetts, USA.",27,PhD,Medicine,16.5,70,14
51,"Molecular Mechanism of SSR128129E, an Extracellularly Acting, Small-Molecule, Allosteric Inhibitor of FGF Receptor Signaling","Evidence-Based Complementary, and Alternative Medicine, Volume 2012, Article ID 378415",10.1016/j.jaut.2006.05.001,2013,Duplicated blot,None,11,,,3.333333333333333,12,12
52,"STIM1, a direct target of microRNA-185, promotes tumor metastasis and is associated with poor prognosis in colorectal cancer","PNAS | April 10, 2012 | vol. 109 | no. 15 | 5729Ä5734",10.1371/journal.pone.0064904,2014,Duplicated parts of lanes to make 2 negative lanes,"Department of Biology, American University of Beirut, Lebanon.",16,,,4.4,7,29
53,"Ethanol Extracts of Fruiting Bodies of Antrodia cinnamomea Suppress CL1-5 Human Lung Adenocarcinoma Cells Migration by Inhibiting Matrix Metalloproteinase-2/9 through ERK, JNK, p38 and PI3K/Akt Signaling Pathways",Cytokine 56 (2011) 573Ä580,10.1038/onc.2012.182,2014,"Reused blot, shifted, other protein","Department of Medical Research, Chi-Mei Medical Center, Tainan, Taiwan.",7,Dr. rer. nat.,,23.33333333333333,25,9
54,"Investigation of the roles of T6SS genes in motility, biofilm formation and extracellular protease Asp production in Vibrio alginolyticus with modified Gateway-compatible plasmids",mBio 3(6): 2012,10.1083/jcb.201201133,2009,"Reused blot, shifted, other protein","Center for Microbial Interface Biology, Department of Microbial Infection and Immunity, The Ohio State University, Columbus, Ohio, United States of America",12,PhD in Oncology,,184.6,182,7
55,Cleavage of CAD inhibitor in CAD activation and DNA degradation during apoptosis,"Breast Cancer Research 2012, 14:R86",10.1128/IAI.00913-08,2012,multiple duplications of negative blot strips,"Department of Microbiology, Oregon State University, Corvallis, Oregon 9731, USA.",8,Doctor of Philosophy,,0.42857142857142855,253,12
56,"Investigation of the roles of T6SS genes in motility, biofilm formation and extracellular protease Asp production in Vibrio alginolyticus with modified Gateway-compatible plasmids","J. Clin. Microbiol. 1998, 36(6):1666-1673",10.1371/journal.ppat.1003114,2014,"Duplicated actin blot panel but different experiments, cuts in panels","Servicio de Microbiología, Hospital Son Dureta and Instituto Universitario de Investigación en Ciencias de la Salud, Palma de Mallorca, Spain.",15,,,3.6,7,10
57,Loss of the Par3 Polarity Protein Promotes Breast Tumorigenesis and Metastasis,Cytokine 60 (2012) 718Ä730,10.1371/journal.pone.0068296,2014,Rotated western blot,None,5,Assist. Prof. Dr.,Medicine,7.0,6,4
58,CARM1 Methylates Chromatin Remodeling Factor BAF155 to Enhance Tumor Progression and Metastasis,Cytokine 33 (2006) 138e144,10.1371/journal.ppat.1004195,2013,"Identical microscopy panels, might be error","Department of Genetic Engineering, College of Natural Science and Engineering, Cheongju University, Chungbuk 360-764, Republic of Korea. parkks@cju.ac.kr",0,,,1.0769230769230769,11,8
59,"Molecular Mechanism of SSR128129E, an Extracellularly Acting, Small-Molecule, Allosteric Inhibitor of FGF Receptor Signaling",BMC Microbiology 2010,10.1016/j.jaut.2004.10.003,2013,reuse of 2 bands multiple times to create blot panel,"Division of Infection and Immunity, University College London, London, United Kingdom",17,,,8.444444444444445,82,14
60,Association of Presence of Aspergillus Antibodies with Hemoptysis in Patients with Old Tuberculosis or Bronchiectasis but No Radiologically Visible Mycetoma,"PNAS | Published online December 23, 2013 | E89ÄE98",10.1128/IAI.71.3.1209-1216.2003,2014,"multiple cases of shifted blots, duplicated bands within blots","Institute of Neurological Sciences and Psychiatry, Hacettepe University, Ankara, Turkey.",9,,Biology,10.461538461538463,13,10
61,"Edwardsiella tarda Eta1, an In Vivo-Induced Antigen That Is Involved in Host Infection",Lung Cancer 67 (2010) 205Ä215,10.1186/bcr3201,2011,Multiple cases of duplicated blots,"Instituto de Biología Molecular y Celular de Plantas, Universidad Politécnica de Valencia-C.S.I.C, Ciudad Politécnica de la Innovación, Valencia, Spain",15,,,0.7777777777777778,8,11
62,Differential chemokine expression in tubular cells in response to urinary proteins from patients with nephrotic syndrome,"Infect. Immun. Mar. 2009, p. 1031Ä1043 Vol. 77, No. 3",10.1155/2013/938081,2009,"Reused lanes, possibly duplicated lanes","Department of Pathology and Molecular Medicine, Queen's University, Kingston, ON, Canada K7L 3N6.",4,,,2.5,47,17
63,Caspase-1-Like Regulation of the proPO-System and Role of ppA and Caspase-1-Like Cleaved Peptides from proPO in Innate Immunity,"Infect. Immun. 2012, 80(3):1193",10.1371/journal.pgen.1004121,2012,Overlapping microscopy images; multiple cases,"Department of Neurosurgery, Taichung Veterans General Hospital, Taichung 40705, Taiwan ; Department of Physical Therapy, Hung Kuang University, Taichung 43302, Taiwan ; Department of Medicine, National Defense Medical Center, Taipei 114, Taiwan ; Tri-Service General Hospital, National Defense Medical Center, Taipei 114, Taiwan.",8,,Biology,2.1818181818181817,34,11
64,Antirecoverin autoantibodies in the patient with non-small cell lung cancer but without cancer-associated retinopathy,"Infect. Immun. 2013, 81(11):3975",PMID: 9864199,2013,Multiple cases of duplicated blots,"Laboratory of Virology and Immunology, Institute of Preventive Veterinary Medicine, College of Animal Sciences, Zhejiang University, 268 Kaixuan Road, Hangzhou, Zhejiang Province 310029, PR China. jyzhou@zju.edu.cn",15,,Engineering,0.4,44,15
65,Expression and Differentiation between OCT4A and Its Pseudogenes in Human ESCs and Differentiated Adult Somatic Cells,"PLOS Genetics, July 2014 | Volume 10 | Issue 7 | e1004480",10.1155/2014/989340,2012,"duplicated blot, shifted microscopy","School of Pharmacy, China Medical University, 91 Hsueh-Shih Road, Taichung 404, Taiwan.",11,MD,,4.814814814814816,2,18
66,"Molecular Cloning, Expression and Serological Evaluation of an 8-Kilodalton Subunit of Antigen B from Echinococcus multilocularis","PLOS One, April 2014 | Volume 9 | Issue 4 | e94830",10.1155/2013/594906,2006,duplicated (negative) western blot,"Andrology Department of Integrative Medicine, Zhongda Hospital, School of Medicine, Southeast University.",3,,,3.272727272727273,39,13
67,Anti-inflammatory effect of aldose reductase inhibition in murine polymicrobial sepsis,"PLOS One, February 2014 | Volume 9 | Issue 2 | e90318",10.1371/journal.pone.0069592,2013,Mirrored microscopy image,"Second Department of Internal Medicine, Tottori University School of Medicine, Tottori 683-8504, Japan.",19,,Medicine,2.6666666666666665,29,1
68,Astakine 2Åthe Dark Knight Linking Melatonin to Circadian Regulation in Crustaceans,"PNAS | April 10, 2012 | vol. 109 | no. 15 | 5729Ä5734",10.1155/2014/424767,2012,"Overlapping blots, two cases","Medical Biology Department, School of Medicine, Pamukkale University, Kinikli, Denizli, Turkey. hakanakca@yahoo.com",19,,,3.333333333333333,28,29
69,Promoter methylation of RASSF1A modulates the effect of the microtubule-targeting agent docetaxel in breast cancer,"Infect. Immun. 2012, 80(3):1193",10.1371/journal.ppat.1004059,2005,Overlapping microscopy images,"Department of Human and Molecular Genetics, Virginia Commonwealth University School of Medicine, Richmond, VA.",4,PhD,,4.666666666666667,20,12
70,Nasal Immunization with a Fusion Protein Consisting of the Hemagglutinin A Antigenic Region and the Maltose-Binding Protein Elicits CD11c__ CD8__ Dendritic Cells for Induced Long-Term Protective Immunity__,"PLOS One, April 2014 | Volume 9 | Issue 4 | e95926",10.1002/ijc.28032,2012,Duplicated microscopy panels,"Division of Respiratory Infections, Department of Medicine, National Jewish Medical and Research Center, 1400 Jackson St., Neustadt D-403, Denver, CO 80206, USA. JeyaseelanS@NJC.org",17,,,0.7058823529411765,15,3
71,"Magnesium Lithospermate B, an Active Extract of Salvia miltiorrhiza, Mediates sGC/cGMP/PKG Translocation in Experimental Vasospasm",Cytokine 44 (2008) 33Ä43,10.1038/onc.2013.184,2003,"Duplicated cells within microscopy panels, multiple cases, duplicated blots","Department of Minimally Invasive Surgery, The First Affiliated Hospital of Nanjing Medical University, Nanjing 210029, P.R. China.",19,,Education,3.333333333333333,62,5
72,Differential chemokine expression in tubular cells in response to urinary proteins from patients with nephrotic syndrome,"INTERNATIONAL JOURNAL OF ONCOLOGY 42: 1263-1270, 2013",10.1111/j.1462-2920.2012.02741.x,2006,"Duplicated actin blot panel but different experiments, cuts in panels","Department of Medicine, University of Vermont College of Medicine, Burlington, VT 05405, USA.",4,Doctor of Philosophy,,5.0,253,11
73,Differential chemokine expression in tubular cells in response to urinary proteins from patients with nephrotic syndrome,"J. Clin. Microbiol. 2005, 43(7):3512. DOI: 10.1128/JCM.43.7.3512-3515.2005",10.1073/pnas.1211179110,2006,Multiple cases of duplicated blots,"E2C and LGCR-SDI Department, Sanofi Research and Development, 31100 Toulouse, France.",9,,,0.7,17,12
74,Regulation of MYC Expression and Differential JQ1 Sensitivity in Cancer Cells,"Breast Cancer Research 2012, 14:R127",10.1371/journal.pone.0094472,2010,"duplicated background, pasted-in bands?","Faculty of Pharmacy, Universiti Teknologi MARA, Puncak Alam Campus, 42300 Bandar Puncak Alam, Selangor, Malaysia.",25,PhD,,5.8,119,13
75,HtrA1 in human urothelial bladder cancer: A secreted protein and a potential novel biomarker,"PNAS | July 9, 2013 | vol. 110 | no. 28 | 11409Ä11414",10.1371/journal.pgen.1004121,2013,Multiple cases of shifted or rotated blot panels,"Department of Biochemistry and Molecular Biophysics, Biochemistry and Molecular and Cellular Biology Graduate Program, University of Arizona, Tucson, AZ, USA.",9,,,1.2727272727272727,14,8
76,"Essential roles of PI(3)KÄp110b in cell growth, metabolism and tumorigenesis","Science 321, 1357 (2008)",10.1128/JCM.41.8.3584-3591.2003,2012,"Duplicated blots, multiple cases","1] INSERM, U895 (équipe 1), Equipe labélisée Ligue Contre le Cancer, C3M, 06204 Nice, France [2] Université of Nice Sophia-Antipolis, UFR Médecine, 06204 Nice, France [3] Centre Hospitalier Universitaire de Nice, Service de Dermatologie, 06204 Nice, France [4].",23,,,8.571428571428571,136,15
77,HD-GYP domain proteins regulate biofilm formation and virulence in Pseudomonas aeruginosa,"BioMed Research International Volume 2013, Article ID 210604",10.1128/IAI.00913-08,2009,"multiple cases of shifted blots, duplicated bands within blots","Department of Microbiology, BIOMERIT Research Centre, BioSciences Institute, National University of Ireland, Cork, Ireland.",13,PhD,Biology,16.5,17,19
78,Adenovirus-mediated overexpression of BMP-9 inhibits human osteosarcoma cell growth and migration through downregulation of the PI3K/AKT pathway,"Infect. Immun. Mar. 2004, p. 1223Ä1229 Vol. 72, No. 3",10.1016/j.cyto.2012.08.025,2012,,None,15,,,3.25,70,10
79,Adenovirus-mediated overexpression of BMP-9 inhibits human osteosarcoma cell growth and migration through downregulation of the PI3K/AKT pathway,"Journal of Applied Microbiology 2010, 109:1668Ä1676",10.1371/journal.pone.0069134,2006,two similar looking western blot strips,"School of Medicine, Chung Shan Medical University, 110 Chien-Kuo N. Road, Section 1, Taichung 402, Taiwan ; Department of Emergency Medicine, Chung Shan Medical University, 110 Chien-Kuo N. Road, Section 1, Taichung 402, Taiwan ; Department of Emergency Medicine, Chung Shan Medical University Hospital, 110 Chien-Kuo N. Road, Section 1, Taichung 402, Taiwan.",9,Doctor of Philosophy,Biology,8.857142857142858,130,17
80,"Development and Evaluation of a Sensitive and Specific Assay for Diagnosis of Human Toxocariasis by Use of Three Recombinant Antigens (TES-26, TES-30USM and TES-120)",Journal of Autoimmunity 24 (2005) 69-78,10.1128/JCM.00418-06,2010,"Overlapping blots, two cases","Department of Neurology, The Agnes Ginges Center for Human Neurogenetics, Hadassah University Hospital, Jerusalem, Israel",15,PhD,,1.0769230769230769,7,9
81,Ectopic Expression of a Maize Hybrid Down-Regulated Gene ZmARF25 Decreases Organ Size by Affecting Cellular Proliferation in Arabidopsis,"Int. J. Cancer: 133, 2726Ä2736 (2013)",10.1128/IAI.05798-11,2007,Overlapping microscopy images,None,5,,,2.6,23,17
82,Upregulation of tumor necrosis factor-alpha expression by trans10-cis12 conjugated linoleic acid enhances phagocytosis of RAW macrophages via a peroxisome proliferator-activated receptor gamma-dependent pathway,mBio 3(6): 2012,10.1371/journal.pone.0084982,2013,"Duplicated cells within microscopy panels, multiple cases, duplicated blots","Bellvitge Biomedical Research Institute (IDIBELL), Barcelona, Spain",23,PhD,,17.647058823529417,2,5
83,The deubiquitylase USP37 links REST to the control of p27 stability and cell proliferation,"PLOS Pathogens, January 2014 | Volume 10 | Issue 1 | e1003896",10.1186/bcr3128,2011,Duplicated blot panel,None,0,,Medicine,1.3333333333333333,59,14
84,"Ovarian cancer cells, not normal cells, are damaged by Mirk/Dyrk1B kinase inhibition","Infect. Immun. Feb. 2003, p. 948Ä955 Vol. 71, No. 2",10.1371/journal.pone.0090608,2012,"Duplicated control panel, stretched","Department of Microbiology, Laboratory of Mycotoxins and Toxigenic Fungi, University of São Paulo, São Paulo, São Paulo, Brazil",25,,,9.833333333333334,8,14
85,Upregulation of PIAS1 protects against sodium taurocholate-induced severe acute pancreatitis associated with acute lung injury,"INTERNATIONAL JOURNAL OF ONCOLOGY 42: 690-698, 2013",10.1016/j.cyto.2014.07.249,2009,Duplicated and mirrored blot,"Laboratory of Veterinary Internal Medicine, Department of Veterinary Medicine, College of Veterinary Medicine and Research Institute of Veterinary Medicine, Chungbuk National University, Cheongju, Chungbuk 361-763, Republic of Korea.",15,PhD,Biology,7.0,17,13
86,Distribution of the Secondary Type III Secretion System Locus Found in Enterohemorrhagic Escherichia coli O157:H7 Isolates among Shiga Toxin-Producing E. coli Strains,mBio 3(6): 2012,10.1016/j.cyto.2004.11.009,2013,Duplicated blot,"Department of Life Science, National Taiwan Normal University, 88 Ting-chou Road, sec 4, Taipei, Taiwan.",15,MSc.,Biology,3.8571428571428568,300,14
87,Up-regulation of focal adhesion kinase in non-small cell lung cancer,"PLOS One, April 2014 | Volume 9 | Issue 4 | e95926",10.3892/ijo.2012.1470,2014,Duplicated blots,"Key Laboratory of Experimental Marine Biology, Institute of Oceanology, Chinese Academy of Sciences, Qingdao, China.",10,,Biology,0.2682926829268293,13,7
88,Functional EF-Hands in Neuronal Calcium Sensor GCAP2 Determine Its Phosphorylation State and Subcellular Distribution In Vivo and Are Essential for Photoreceptor Cell Integrity,"Cancer Cell 26, 754Ä769, November 10, 2014",10.1002/ijc.27927,2012,"duplicated blot, shifted microscopy","Departments of Molecular Biology, The Scripps Research Institute, La Jolla, CA 92037, USA.",4,BSc,,0.4,5,13
89,Bacillus anthracis Capsule Activates Caspase-1 and Induces Interleukin-1__ Release from differentiated THP-1 and Human Monocyte-Derived Dendritic Cells__,"PLOS ONE, June 2014 | Volume 9 | Issue 6 | e98448",10.1111/j.1365-2672.2010.04795.x,2014,,"1] Institute of Bioinformatics and Biosignal Transduction, College of Bioscience and Biotechnology, National Cheng-Kung University, Tainan, Taiwan [2] Center for Infection Disease and Signal Transduction, National Cheng-Kung University, Tainan, Taiwan.",19,Doctor of Philosophy,,3.4705882352941178,14,10
90,Cisplatin in combination with zoledronic acid: A synergistic effect in triple-negative breast cancer cell lines,"BioMed Research International Volume 2014, Article ID 424767",10.1128/JCM.42.3.1082-1088.2004,2012,duplicated (negative) western blot,"Program in Developmental Biology, Baylor College of Medicine, Houston, Texas, United States of America",17,,,1.0,6,19
91,Rab1A Is an mTORC1 Activator and a Colorectal Oncogene,"PLOS Genetics, January 2013 | Volume 9 | Issue 1 | e1003094",10.1128/IAI.71.2.948-955.2003,2014,"Cut, and duplicated SDS PAGE parts",None,9,,,0.6666666666666666,9,18
92,The deubiquitylase USP37 links REST to the control of p27 stability and cell proliferation,"PLOS Pathogens, February 2014 | Volume 10 | Issue 2 | e1003981",10.1016/j.ccr.2013.04.019,2010,Duplicated blot panels,"Department of Life Science, National Taiwan Normal University, 88 Ting-chou Road, sec 4, Taipei, Taiwan.",3,,,2.875,11,7
93,Elevated Maspin Expression Is Associated with Better Overall Survival in Esophageal Squamous Cell Carcinoma (ESCC),"Infect. Immun. Mar. 2003, p. 1209Ä1216",10.1371/journal.pone.0084982,2005,"Duplicated compressed blots, overlapping microscopy","School of Human Science and Environment, University of Hyogo, Himeji, Japan. kitamoto@shse.u-hyogo.ac.jp",15,,,1.2222222222222223,136,2
94,"Investigation of the roles of T6SS genes in motility, biofilm formation and extracellular protease Asp production in Vibrio alginolyticus with modified Gateway-compatible plasmids","Microbiol. Immunol., 48(4), 289Ä295, 2004",10.1016/j.cyto.2012.05.021,2010,"overlapping microscopy images,but rotated/stretched","Department of Neurosurgery, Taichung Veterans General Hospital, Taichung 40705, Taiwan ; Department of Physical Therapy, Hung Kuang University, Taichung 43302, Taiwan ; Department of Medicine, National Defense Medical Center, Taipei 114, Taiwan ; Tri-Service General Hospital, National Defense Medical Center, Taipei 114, Taiwan.",23,,,1.5,253,7
95,HD-GYP domain proteins regulate biofilm formation and virulence in Pseudomonas aeruginosa,Cytokine 60 (2012) 718Ä730,10.1016/S0169-5002(01)00212-4,2010,Marker bands all identical?,"Laboratory of Virology and Immunology, Institute of Preventive Veterinary Medicine, College of Animal Sciences, Zhejiang University, 268 Kaixuan Road, Hangzhou, Zhejiang Province 310029, PR China. jyzhou@zju.edu.cn",15,PhD,,0.8333333333333334,14,6
96,Heat Shock Protein 27 Is Spatially Distributed in the Human Placenta and Decreased during Labor,Cytokine 42 (2008) 198Ä204,10.1111/j.1348-0421.2010.00241.x,2013,Duplicated whole figure; very likely error,"UMR7156 Génétique Moléculaire, Génomique et Microbiologie, CNRS Université de Strasbourg, 28 rue Goethe, 67000 Strasbourg, France.",11,,Medicine,1.5789473684210529,14,14
97,Terminalia catappa Exerts Antimetastatic Effects on Hepatocellular Carcinoma through Transcriptional Inhibition of Matrix Metalloproteinase-9 by Modulating NF-_B and AP-1 Activity,"PLOS One, February 2014 | Volume 9 | Issue 2 | e89546",10.1002/ijc.27863,2012,Multiple cases of duplicated blots,"Department of Microbiology and Molecular Genetics, University of Pittsburghgrid.21925.3d School of Medicine, Pittsburgh, Pennsylvania, USA.",13,,,0.6666666666666666,30,3
98,"STIM1, a direct target of microRNA-185, promotes tumor metastasis and is associated with poor prognosis in colorectal cancer","Int. J. Cancer: 132, 90Ä100 (2013)",10.1155/2013/594906,1999,"Duplicated cells within microscopy panels, multiple cases, duplicated blots","Department of Life Science, National Taiwan Normal University, 88 Ting-chou Road, sec 4, Taipei, Taiwan.",19,,,0.4,12,7
99,A Comparative Study for the Evaluation of Two Doses of Ellagic Acid on Hepatic Drug Metabolizing and Antioxidant Enzymes in the Rat,"Lung Cancer (2006) 53, 273Å284",10.1371/journal.pone.0094472,2013,"Duplication, stretching, what not, the lot","Department of Biology, Pamukkale University, Kinikli Campus, 20070 Denizli, Turkey.",11,,Education,0.4,5,8
100,DUSP1 Is a Novel Target for Enhancing Pancreatic Cancer Cell Sensitivity to Gemcitabine,"J. Clin. Microbiol. 2004, 42(3):1082",10.1016/j.jaut.2008.12.003,2009,"Overlapping microscopy, duplicated bands within blots","Department of Human Anatomy and Histology, University of Bari, Piazza Giulio Cesare 1, Policlinico, I-70124 Bari, Italy. m.sisto@anatomia.uniba.it",5,MD,,1.2857142857142858,44,15
101,cDNA cloning and functional analysis of goose interleukin-2,Lung Cancer 67 (2010) 205Ä215,10.1371/journal.pone.0069485,2005,Rotated western blot,"The Johns Hopkins Oncology Center, Program in Human Genetics, The Johns Hopkins University School of Medicine, Baltimore, Maryland 21231, USA.",15,,,1.15,41,12
102,STAT1 and STAT3 phosphorylation by porins are independent of JAKs but are dependent on MAPK pathway and plays a role in U937 cells production of interleukin-6,"INTERNATIONAL JOURNAL OF ONCOLOGY 42: 1113-1119, 2013",10.1155/2014/164391,2013,two similar looking western blot strips,None,7,,,2.1818181818181817,24,16
103,Fine Specificity of Plasmodium vivax Duffy Binding Protein Binding Engagement of the Duffy Antigen on Human Erythrocytes,"PLOS ONE, July 2013 | Volume 8 | Issue 7 | e69485,  doi: 10.1371/journal.pone.0069485",10.1128/JCM.41.6.2341-2347.2003,2013,Mirrored microscopy image,"Department of Diagnostic and Biological Sciences, School of Dentistry, University of Minnesota, Minneapolis, Minnesota, USA.",11,,Biology,0.8,34,5
104,Autocrine production of interleukin-8 confers cisplatin and paclitaxel resistance in ovarian cancer cells,"PLOS Pathogens, August 2013 | Volume 9 | Issue 8 | e1003576",10.1186/bcr3201,2013,Overlapping microscopy images,"Division of Nephrology and Center for Lung Biology, Department of Medicine and Pathology, University of Washington, Seattle, WA 98109, USA.",15,,Medicine,2.7222222222222223,58,15
105,Katanin Localization Requires Triplet Microtubules in Chlamydomonas reinhardtii,"Lung Cancer (2006) 53, 263Å271",10.1371/journal.pone.0062170,2011,Overlapping microscopy images,"Mikrobiologisches Institut, Universitätsklinikum Erlangen, Erlangen, Germany.",4,Ph.D.,,0.7777777777777778,25,18
106,Tiam1 is associated with hepatocellular carcinoma metastasis,Journal of Autoimmunity 32 (2009) 85Ä93,10.1002/ijc.27627,2008,Overlapping microscopy panels,"Stem Cell and Tissue Engineering Department, Research Center for Science and Technology in Medicine (RCSTiM), Tehran University of Medical Sciences, Tehran, Iran.",9,,Biology,3.4285714285714284,25,4
107,A SUMOylation-defective MITF germline mutation predisposes to melanoma and renal carcinoma,"PNAS _ April 17, 2012 _ vol. 109 _ no. 16, 6036Ä6041",10.1016/j.cyto.2008.06.007,2014,"Duplicated FACS panel, gated differently","Department of Parasitology, Asahikawa Medical College, Asahikawa, Japan.",21,PhD,,0.875,300,21
108,Anti-inflammatory effect of aldose reductase inhibition in murine polymicrobial sepsis,"PNAS | January22,2013 | vol.110 | no.4 | 1441",10.1371/journal.pone.0053510,2013,Overlapping microscopy images,"The Johns Hopkins Oncology Center, Program in Human Genetics, The Johns Hopkins University School of Medicine, Baltimore, Maryland 21231, USA.",7,,Biology,3.4444444444444446,11,11
109,Expression of extra trinucleotide in CD44 variant of rheumatoid arthritis patients allows generation of disease-specific monoclonal antibody,J. Cell Biol. Vol. 199 No. 3 481Ä496,10.1155/2012/378415,2003,"Reused blot, shifted, other protein","Institute of Pharmacology, Toxicology and Pharmacy, Ludwig-Maximilians-University, Munich, Germany",11,Ph.D.,,1.0,63,11
110,"Differential regulation of Cu, Zn- and Mn-superoxide dismutases by retinoic acid in normal and psoriatic human fibroblasts","Breast Cancer Research 2014, 16:R75",10.1371/journal.pone.0069583,2012,Duplicated lanes within same blot,"The Zabludowicz Center for Autoimmune Diseases, Sheba Medical Center, Affiliated to Sackler Faculty of Medicine, Tel-Aviv University, Israel.",13,PhD,,0.5,5,5
111,Role of MyD88 in Diminished Tumor Necrosis Factor Alpha Production by Newborn Mononuclear Cells in Response to Lipopolysaccharide,"Int. J. Cancer: 132, 2258Ä2269 (2013)",10.1128/JCM.41.8.3584-3591.2003,2013,"Multiple, multiple cases of duplicated lanes within blots/gels","Medical Biology Department, School of Medicine, Pamukkale University, Kinikli, Denizli, Turkey. hakanakca@yahoo.com",5,,Biology,1.4117647058823528,3,16
112,Electroacupuncture Treatment Improves Neurological Function Associated with Regulation of Tight Junction Proteins in Rats with Cerebral Ischemia Reperfusion Injury,"Infection, and Immunity, September 2014 Volume 82 Number 9 p. 3867Ä3879",10.1371/journal.pone.0069485,2013,"Duplicated, and shifted western blot panels","1] INSERM, U895 (équipe 1), Equipe labélisée Ligue Contre le Cancer, C3M, 06204 Nice, France [2] Université of Nice Sophia-Antipolis, UFR Médecine, 06204 Nice, France [3] Centre Hospitalier Universitaire de Nice, Service de Dermatologie, 06204 Nice, France [4].",11,,,1.5,39,12
113,Imbalance between pSmad3 and Notch induces CDK inhibitors in old muscle stem cells,"BMC Microbiology 2013, 13:113",10.1128/IAI.00956-09,2014,rotated duplicated colony photo,"Laboratory of Veterinary Internal Medicine, Department of Veterinary Medicine, College of Veterinary Medicine and Research Institute of Veterinary Medicine, Chungbuk National University, Cheongju, Chungbuk 361-763, Republic of Korea.",5,,Engineering,0.8181818181818182,300,12
114,Preparation of Monoclonal Antibodies Cross-Reactive with Orthopoxviruses and Their Application for Direct Immunofluorescence Test,"Infect. Immun. 2012, 80(8):2920",10.1126/science.1156725,2006,Overlapping microscopy images,"Department of Molecular and Human Genetics, Baylor College of Medicine, Houston, Texas, United States of America",21,,Medicine,60.0,41,16
115,Porphyromonas gingivalis lipopolysaccharide regulates interleukin (IL)-17 and IL-23 expression via SIRT1 modulation in human periodontal ligament cells,"Infect. Immun. 2012, 80(7):2558",10.1371/journal.ppat.1003114,2001,Duplicated blot panel,"1] Priority Research Centre for Cancer Research, University of Newcastle, Callaghan, NSW, Australia [2] School of Medicine and Public Health, University of Newcastle, Callaghan, NSW, Australia.",3,MD,Biology,30.5,11,19
116,The phosphatidylinositol-3 kinase I inhibitor BKM120 induces cell death in B-chronic lymphocytic leukemia cells in vitro,Nature. 1998 Jan 1;391(6662):96-9.,10.1016/j.jaut.2014.02.013,2013,"duplicated, stretched blot panels with duplicated area within blot","State Key Laboratory for Agrobiotechnology and Key Laboratory of Crop Heterosis and Utilization (MOE), Beijing Key Laboratory of Crop Genetic Improvement, China Agricultural University, Beijing, China",4,,,6.307692307692308,14,7
117,Terminalia catappa Exerts Antimetastatic Effects on Hepatocellular Carcinoma through Transcriptional Inhibition of Matrix Metalloproteinase-9 by Modulating NF-_B and AP-1 Activity,"PLOS Genetics, March 2013 | Volume 9 | Issue 3 | e1003361, doi:10.1371/journal.pgen.1003361",10.1002/ijc.28001,2013,Overlapping microscopy images,"Department of Veterinary PathoBiology, College of Veterinary Medicine, University of Minnesota, St. Paul, Minnesota 55108, USA.",4,,,0.8,26,1
118,Lactobacillus bulgaricus Prevents Intestinal Epithelial Cell Injury Caused by Enterobacter sakazakii-Induced Nitric Oxide both In Vitro and in the Newborn Rat Model of Necrotizing Enterocolitis__,"PLOS ONE, May 2014 | Volume 9 | Issue 5 | e96343",10.1186/bcr3200,2012,Manipulated FACS plots,"Anhui Provincial Laboratories of Pathogen Biology and Zoonoses, Department of Microbiology and Parasitology, Anhui Medical University, Hefei, China",9,,,1.0,19,17
119,Yangjing Capsule Extract Promotes Proliferation of GC-1 Spg Cells,"Nature, Vol. 401, 7 October 1999, page 616",10.1016/j.cyto.2005.12.007,2013,Duplicated area within the same blot,"1] Priority Research Centre for Cancer Research, University of Newcastle, Callaghan, NSW, Australia [2] School of Medicine and Public Health, University of Newcastle, Callaghan, NSW, Australia.",11,,,5.409090909090909,41,2
120,The distribution of interleukin-19 in healthy and neoplastic tissue,"Oncogene (2013) 32, 1691Ä1701",10.1155/2013/594906,2009,"Rotated microscopy image, authors replied on PP","Department of Biomedical Sciences and Periodontics, Baylor College of Dentistry, Dallas, Texas, USA.",19,,,9.833333333333334,76,17
121,Baicalein Selectively Induces Apoptosis in Activated Lymphocytes and Ameliorates Concanavalin A-Induced Hepatitis in Mice,"BioMed Research International, Volume 2013, Article ID 582526",10.1016/j.cyto.2009.07.004,2006,Duplicated microscopy panels,"State Key Laboratory of Cancer Biology and Xijing Hospital of Digestive Diseases, The Fourth Military Medical University, Xi'an, Shaanxi, People's Republic of China.",9,,,1.0,76,5
122,NOD2 Signaling Contributes to Host Defense in the Lungs against Escherichia coli Infection,"PLOS Pathogens, August 2013 | Volume 9 | Issue 8 | e1003576",10.1371/journal.pone.0103868,2013,duplicated bands within same gel panel,"Division of Breast Surgery and Department of Surgical Oncology, Roswell Park Comprehensive Cancer Center, Buffalo, NY, USA.",6,,,0.5,10,9
123,Expression and Differentiation between OCT4A and Its Pseudogenes in Human ESCs and Differentiated Adult Somatic Cells,"PLOS ONE, August 2014 | Volume 9 | Issue 8 | e105049, doi: 10.1371/journal.pone.0105049",10.1016/j.ccr.2013.12.007,2013,Shifted actin blot panels,"Department of Veterinary Biosciences, College of Veterinary Medicine, The Ohio State University, Columbus 43210-1093, USA.",11,,Biology,0.2222222222222222,10,18
124,Tumor necrosis factor alpha down-regulates the Na+-K+ ATPase and the Na+-K+2Cl- cotransporter in the kidney cortex and medulla,Journal of Autoimmunity 25 (2005) 206-214,10.1155/2014/936978,2014,"Duplicated control panel, stretched","Department of Pharmacology, School of Pharmacy, Hoshi University, 2-4-41 Ebara, Shinagawa-ku, Tokyo 142-8501, Japan.",7,,Education,2.6153846153846154,76,5
125,Interplay of RsbM and RsbK controls the sB activity of Bacillus cereuse,Cytokine 60 (2012) 360Ä368,10.1128/IAI.00913-08,2003,Multiple cases of duplicated bands within same blot panel,"Thoracic Surgery, Key Laboratory of Carcinogenesis and Translational Research Ministry of Education, Peking University School of Oncology, Beijing Cancer Hospital & Institute, Beijing, China",11,,,3.333333333333333,4,9
126,"Aucubin, a naturally occurring iridoid glycoside inhibits TNF-_-induced inflammatory responses through suppression of NF-_B activation in 3T3-L1 adipocytes",Cytokine 35 (2006) 67Ä76,10.1016/j.cyto.2005.12.007,2012,Overlapping microscopy images,"Departamento de Bioquímica y Biología Molecular, Facultad de Ciencias Químicas y Farmacéuticas, Universidad de Chile, Santiago, Chile.",15,,,4.473684210526316,36,14
127,Anti-inflammatory effect of aldose reductase inhibition in murine polymicrobial sepsis,Cytokine 44 (2008) 33Ä43,10.1016/j.cyto.2008.01.001,2013,duplication of whole blot?,"National Human Genome Research Institute, National Institutes of Health, Bethesda, Maryland, United States of America",4,Ph.D,,1.7,58,4
128,"Ovarian cancer cells, not normal cells, are damaged by Mirk/Dyrk1B kinase inhibition","Evidence-Based Complementary, and Alternative Medicine, Volume 2014, Article ID 989340",10.1128/IAI.00063-12,2006,Multiple cases of duplicated bands within same blot panel,"Department of Pathophysiology, Capital Medical University, Beijing 100069, China.",16,PhD,,10.0,29,12
129,LRP-6 is a coreceptor for multiple fibrogenic signaling pathways in pericytes and myofibroblasts that are inhibited by DKK-1,"Oncogene (2014) 33, 2295Ä2306",10.1016/j.cyto.2009.07.004,2013,Overlapping microscopy images,"Department of Experimental Medicine, Section of Microbiology and Clinical Microbiology, Faculty of Medicine, Second University of Naples, Naples, Italy.",9,,,23.33333333333333,9,9
130,Proteasome Dysfunction Mediates High Glucose-Induced Apoptosis in Rodent Beta Cells and Human Islets,"Infect. Immun. 2012, 80(8):2920",10.1371/journal.pgen.1004121,2014,"Duplicated/mirrored bands, manipulated","Laboratory of Tumor Biology, Angiogenesis and Nanomedicine Research, National Center for Cell Science, Pune, India.",17,,,30.0,20,7
131,Suppression of Interferon Lambda Signaling by SOCS-1 Results in Their Excessive Production during Influenza Virus Infection,"Environmental Microbiology (2012) 14(10), 2788Ä2799",10.1371/journal.pbio.1001847,2013,"Duplicated, and shifted GAPDH gel panel","Department of Clinical and Experimental Medicine, General Pathology and Immunology Section, University of Perugia, Perugia, Italy. erosati@unipg.it",17,,,0.4,8,14
132,High cellular organization of pyoverdine biosynthesis in Pseudomonas aeruginosa: clustering of PvdA at the old cell poleemi_274,"PLOS One, April 2014 | Volume 9 | Issue 4 | e93995",10.1016/j.ccr.2012.10.003,2010,"duplicated, stretched blot panels with duplicated area within blot","McArdle Laboratory for Cancer Research, University of Wisconsin-Madison, Madison, WI 53706, USA.",23,PhD,,50.6,224,17
133,Caspase-1-Like Regulation of the proPO-System and Role of ppA and Caspase-1-Like Cleaved Peptides from proPO in Innate Immunity,"Infect. Immun. 2012, 80(8):2689",10.1016/j.cyto.2007.01.002,2006,Overlapping microscopy images,"Departments of Molecular Biology, The Scripps Research Institute, La Jolla, CA 92037, USA.",13,,,1.8571428571428568,24,5
134,HD-GYP domain proteins regulate biofilm formation and virulence in Pseudomonas aeruginosa,Cytokine 60 (2012) 360Ä368,10.1371/journal.pone.0094472,2014,duplicated/reused actin blot panels,"Experimental and Clinical Research Center (ECRC), Charité-Universitätsmedizin Berlin, Max Delbrück Center (MDC) for Molecular Medicine in the Helmholtz Association, Berlin, Germany.",11,MD,,2.6,62,9
135,"Molecular Mechanism of SSR128129E, an Extracellularly Acting, Small-Molecule, Allosteric Inhibitor of FGF Receptor Signaling","PLOS ONE, April 2013 | Volume 8 | Issue 4 | e62170",10.1371/journal.pbio.1001847,2004,,"Andrology Department of Integrative Medicine, Zhongda Hospital, School of Medicine, Southeast University.",5,,Biology,3.375,1,29
136,Loss of the Par3 Polarity Protein Promotes Breast Tumorigenesis and Metastasis,"Infect. Immun. Feb. 2003, p. 948Ä955 Vol. 71, No. 2",10.1155/2014/640857,2013,,"Department of Enzymology, A.N. Belozersky Institute of Physico-Chemical Biology, Moscow State University, 119899 Moscow, Russia.",31,,,0.8,70,4
137,Porphyromonas gingivalis lipopolysaccharide regulates interleukin (IL)-17 and IL-23 expression via SIRT1 modulation in human periodontal ligament cells,"Microbiol. Immunol., 49(3), 219Ä225, 2005",10.1371/journal.ppat.1003576,2013,"duplicated, shifted blot panels","Department of Oncology, Faculty of Medicine, McGill University, Lady Davis Institute-Segal Cancer Center from the Jewish General Hospital, Montreal, Quebec, Canada.",15,,,0.9523809523809524,1,13
138,"Investigation of the roles of T6SS genes in motility, biofilm formation and extracellular protease Asp production in Vibrio alginolyticus with modified Gateway-compatible plasmids","PLOS ONE, August 2013 | Volume 8 | Issue 8 | e71127",10.1371/journal.pone.0094472,2001,Duplicated control blot panel,"1] Priority Research Centre for Cancer Research, University of Newcastle, Callaghan, NSW, Australia [2] School of Medicine and Public Health, University of Newcastle, Callaghan, NSW, Australia.",13,,,2.6666666666666665,4,5
139,Up-regulation of focal adhesion kinase in non-small cell lung cancer,Cytokine 56 (2011) 245Ä255,10.1128/IAI.00805-10,1998,"Duplicated gel, differently cut","Center of Excellence in Sickle Cell Disease and Division of Hematology/Oncology, 88 East Newton St., Boston, MA 02118, USA. ssafaya@bu.edu",5,,Biology,60.0,70,12
140,Imbalance between pSmad3 and Notch induces CDK inhibitors in old muscle stem cells,J. Cell Biol. Vol. 199 No. 3 481Ä496,10.1016/S0169-5002(01)00212-4,2011,"Duplicated pic of agar plate, but different exposure.",None,13,Doctor of Philosophy,,1.4117647058823528,47,7
141,HD-GYP domain proteins regulate biofilm formation and virulence in Pseudomonas aeruginosa,"PLOS Genetics, March 2013 | Volume 9 | Issue 3 | e1003361, doi:10.1371/journal.pgen.1003361",10.1371/journal.ppat.1003445,2010,"Duplicated bands within blot strips, multiple cases","UMR 7242, Université de Strasbourg-CNRS, ESBS, Blvd Sébastien Brant, F-67413 Illkirch, Strasbourg, France.",7,PhD in Microbiology,,15.875,34,17
142,Neurogenesis and Increase in Differentiated Neural Cell Survival via Phosphorylation of Akt1 after Fluoxetine Treatment of Stem Cells,"PLOS One, March 2014 | Volume 9 | Issue 3 | e92305",10.1038/nature07091,2012,Mirrored blot,"Department of Nephrology, The First Affiliated Hospital, Sun Yat-sen University, Guangzhou 510080, Guangdong, PR China.",21,,Biology,4.4,18,27
143,High cellular organization of pyoverdine biosynthesis in Pseudomonas aeruginosa: clustering of PvdA at the old cell poleemi_274,Cytokine 53 (2011) 42Ä51,10.1128/IAI.06056-11,2006,Duplicated blot panel,"UMR 7242, Université de Strasbourg-CNRS, ESBS, Blvd Sébastien Brant, F-67413 Illkirch, Strasbourg, France.",11,,,0.7333333333333333,70,10
144,"STIM1, a direct target of microRNA-185, promotes tumor metastasis and is associated with poor prognosis in colorectal cancer","PLOS One, January 2013 | Volume 8 | Issue 1 | e53510",10.1002/ijc.27917,2010,Overlapping microscopy panels,"Department of Craniofacial Biology and the Center for Oral Health Research, Medical University of South Carolina, SC 29425, United States.",5,PhD,Biology,1.0909090909090908,3,16
145,TGF-b/Smad3 Stimulates Stem Cell/Developmental Gene Expression and Vascular Smooth Muscle Cell De-Differentiation,Cytokine 36 (2006) 218Ä228,10.1155/2011/507920,1999,Duplicated control blot panel,"School of Life Sciences, Tsinghua University, Beijing 100084, China.",11,,Biology,0.8,12,8
146,Downregulation of MDR1 Gene by Cepharanthine Hydrochloride Is Related to the Activation of c-Jun/JNK in K562/ADR Cells,"Int. J. Cancer: 132, 90Ä100 (2013)",10.1016/j.cyto.2013.04.009,2011,"duplicated actin blot panels, exact","Neurophysiology Laboratory, Department of Pharmacology and Experimental Neuroscience, University of Nebraska Medical Center, Omaha, Nebraska, United States of America",11,MD,,1.625,300,7
147,Suppression of Interferon Lambda Signaling by SOCS-1 Results in Their Excessive Production during Influenza Virus Infection,"Infection, and Immunity, September 2014 Volume 82 Number 9 p. 3867Ä3879",10.1128/IAI.00156-09,2012,Multiple cases of shifted or duplicated blot panels,"Bellvitge Biomedical Research Institute (IDIBELL), Barcelona, Spain",15,,,1.2142857142857142,244,3
148,LPS Unmasking of Shigella flexneri Reveals Preferential Localisation of Tagged Outer Membrane Protease IcsP to Septa and New Poles,Journal of Autoimmunity 24 (2005) 69-78,10.3892/ijo.2012.1343,2013,Mirrored microscopy image,"Department of Cytokinetics, Institute of Biophysics, Academy of Sciences of the Czech Republic, v.v.i., Královopolská 135, CZ-612 65 Brno, Czech Republic.",19,,Biology,21.375,23,12
149,Kaiso is expressed in lung cancer: Its expression and localization is affected by p120ctn,"PLOS Pathogens, June 2013 | Volume 9 | Issue 6 | e1003445",10.3892/ijo.2012.1617,2000,Multiple cases of overlapping microscopy panels,"Andrology Department of Integrative Medicine, Zhongda Hospital, School of Medicine, Southeast University.",3,,Biology,1.5,3,16
150,Functional analysis of Zyxin in cell migration and invasive potential of oral squamous cell carcinoma cells,Cytokine 36 (2006) 245Ä253,10.1155/2013/308130,2014,"Duplicated FACS panel, gated differently","Andrology Department of Integrative Medicine, Zhongda Hospital, School of Medicine, Southeast University.",23,,Economics,4.814814814814816,12,17
151,HtrA1 in human urothelial bladder cancer: A secreted protein and a potential novel biomarker,"PLOS ONE, July 2013 | Volume 8 | Issue 7 | e70508, doi:10.1371/journal.pone.0070508",10.1016/j.cyto.2010.09.007,2006,"Duplicated blot, lanes within blot","Institute of Neurological Sciences and Psychiatry, Hacettepe University, Ankara, Turkey.",13,,,2.272727272727273,20,18
152,"Association and Evidence for Linked Recognition of Type IV Secretion System Proteins VirB9-1, VirB9-2 and VirB10 in Anaplasma marginale","Breast Cancer Research 2012, 14:R86",10.1016/j.ccr.2012.10.003,2003,Duplicated blot strips,"a Ovarian Cancer Research Center ; Department of Obstetrics and Gynecology ; Perelman School of Medicine; University of Pennsylvania ; Philadelphia , PA USA.",5,PhD,Biology,3.25,26,12
153,Hemin-Induced Modifications of the Antigenicity and Hemin-Binding Capacity of Porphyromonas gingivalis Lipopolysaccharide,Cytokine 62 (2013) 407Ä412,10.1155/2013/938081,2012,Overlapping microscopy images,"National Creative Research Initiatives Center for Nuclear Receptor Signals, Hormone Research Center, School of Biological Sciences and Technology, Chonnam National University, Gwangju, Republic of Korea",7,,,21.66666666666667,300,5
154,TGF-b/Smad3 Stimulates Stem Cell/Developmental Gene Expression and Vascular Smooth Muscle Cell De-Differentiation,Cytokine 46 (2009) 96Ä99,10.1126/science.1176709,2007,"Overlapping microscopy, mirrored blot panels, multiple cases","Department of Microbiology, Oregon State University, Corvallis, OR 97331, USA.",13,,,30.0,3,7
155,Distinct expression of C4.4A in colorectal cancer detected by different antibodies,Cytokine 36 (2006) 218Ä228,10.1128/JCM.00001-09,2013,"overlapping microscopy images,but rotated/stretched","Department of Veterinary Medicine, School of Veterinary Medicine, National Taiwan University, Taipei, Taiwan, R.O.C.",19,MD,Physics,60.0,2,7
156,The Retromer Complex Is Required for Rhodopsin Recycling and Its Loss Leads to Photoreceptor Degeneration,Cytokine 36 (2006) 218Ä228,10.1111/j.1365-2672.2010.04795.x,2013,two sets of duplicated facs panels but different percentages gated points,"Anhui Provincial Laboratories of Pathogen Biology and Zoonoses, Department of Microbiology and Parasitology, Anhui Medical University, Hefei, China",6,PhD,,2.6666666666666665,7,11
157,Nasal Immunization with a Fusion Protein Consisting of the Hemagglutinin A Antigenic Region and the Maltose-Binding Protein Elicits CD11c__ CD8__ Dendritic Cells for Induced Long-Term Protective Immunity__,Cytokine 60 (2012) 360Ä368,10.1002/ijc.27989,2013,Multiple cases of reused blot panels,"The Zabludowicz Center for Autoimmune Diseases, Sheba Medical Center, Affiliated to Sackler Faculty of Medicine, Tel-Aviv University, Israel.",9,Doctor of Philosophy,Biology,0.75,11,4
158,Low titre autoantibodies against recoverin in sera of patients with small cell lung cancer but without a loss of vision,"Infect. Immun. Feb. 2006, p. 1148Ä1155 Vol. 74, No. 2",10.1371/journal.pone.0098448,2013,Duplicated lane within blot,"Department of Genetic Engineering, College of Natural Science and Engineering, Cheongju University, Chungbuk 360-764, Republic of Korea. parkks@cju.ac.kr",11,PhD,,1.7407407407407407,78,5
159,Genotyping and Phenotyping of Beta2-Toxigenic Clostridium perfringens Fecal Isolates Associated with Gastrointestinal Diseases in Piglets,J. Cell Biol. Vol. 199 No. 3 481Ä496,10.1128/JCM.00001-09,2013,"overlapping microscopy images,but rotated/stretched","Institue of Biomedical Engineering, West China School of Preclinical and Forensic Medicine, Sichuan University, China.",0,,,1.25,300,3
160,Cisplatin in combination with zoledronic acid: A synergistic effect in triple-negative breast cancer cell lines,"Infect. Immun. 2012, 80(8):2920",10.1038/nature07091,2014,Mirrored blot,"Program on Emerging Infectious Diseases, DUKE-NUS Graduate Medical School, Singapore",17,,,3.6,30,14
161,"Magnesium Lithospermate B, an Active Extract of Salvia miltiorrhiza, Mediates sGC/cGMP/PKG Translocation in Experimental Vasospasm","Genome Biology 2013, 14:R121",10.1016/j.ccr.2013.02.018,2011,Duplicated blot panel,"Department of Minimally Invasive Surgery, The First Affiliated Hospital of Nanjing Medical University, Nanjing 210029, P.R. China.",3,,,50.6,130,10
162,Meningococcal Porin PorB Prevents Cellular Apoptosis in a Toll-Like Receptor 2- and NF-__B-Independent Manner__,Journal of Autoimmunity 28 (2007) 99-113,10.1128/IAI.05798-11,2008,"Duplicated FACS panels, but different gating numbers",None,9,,,42.857142857142854,4,22
163,Antimetastatic Potentials of Dioscorea nipponica on Melanoma In Vitro and In Vivo,"Oncogene (2015) 34, 826Ä837",10.1016/j.cyto.2008.12.021,2013,"Duplicated microscopy, possible duplicated lanes in same blot","Department of Microbiology, Oregon State University, Corvallis, OR 97331, USA.",7,,Medicine,1.2222222222222223,42,6
164,Caspase-1-Like Regulation of the proPO-System and Role of ppA and Caspase-1-Like Cleaved Peptides from proPO in Innate Immunity,"Int. J. Cancer: 132, 90Ä100 (2013)",10.1371/journal.pone.0093563,2013,"duplicated blot strips, slightly shifted","Department of Radiation Medicine, Institute of Modern physics, Chinese Academy of Sciences, Lanzhou, China",5,PhD,Medicine,0.4705882352941176,300,4
165,Anti-ribosomal-P antibodies accelerate lupus glomerulonephritis and induce lupus nephritis in nai_ve mice,"INTERNATIONAL JOURNAL OF ONCOLOGY 40: 1779-1788, 2012",10.1128/JCM.43.7.3512-3515.2005,2006,Duplicated microscopy images,"Department of Surgery, University of Wisconsin Hospital and Clinics, Madison, Wisconsin, United States of America",19,,,4.473684210526316,130,14
166,Suppression of Interferon Lambda Signaling by SOCS-1 Results in Their Excessive Production during Influenza Virus Infection,"Evidence-Based Complementary, and Alternative Medicine, Volume 2013, Article ID 467245",10.1016/j.lungcan.2011.01.012,2013,Duplicated lanes within different panels - but representing same conditions,"College of Veterinary Medicine, Nanjing Agricultural University, Nanjing, China Key Lab of Animal Bacteriology, Ministry of Agriculture, Nanjing, China.",11,,,3.4705882352941178,300,14
167,Chronic Morphine Treatment Attenuates Cell Growth of Human BT474 Breast Cancer Cells by Rearrangement of the ErbB Signalling Network,Microbiol Immunol 2010; 54: 564Ä567,10.1371/journal.pone.0069583,2013,Duplicated FACS panel,"Department of Medical Research, Chi-Mei Medical Center, Tainan, Taiwan.",0,,Medicine,0.6,39,6
168,Chronic Morphine Treatment Attenuates Cell Growth of Human BT474 Breast Cancer Cells by Rearrangement of the ErbB Signalling Network,"Infect. Immun. Feb. 2003, p. 948Ä955 Vol. 71, No. 2",10.1002/ijc.28032,2010,Duplicated actin blot,"Breast Disease Center, Southwest Hospital, Third Military Medical University, Chongqing, P.R. China.",13,,,1.8571428571428568,137,10
169,Epigenetic Regulation of Cardiac Progenitor Cells Marker c-kit by Stromal Cell Derived Factor-1a,"BioMed Research International, Volume 2014, Article ID 164391",10.1128/IAI.00805-10,2014,two sets of duplicated facs panels but different percentages gated points,"University of Glasgow School of Medicine, Institute of Medical Genetics, Yorkhill Hospital, Glasgow, United Kingdom",21,,,1.0,5,10
170,"Loss of plakoglobin promotes decreased cell-cell contact, increased invasion and breast cancer cell dissemination in vivo","BioMed Research International, Volume 2014, Article ID 272101",10.1126/science.1156725,2014,Multiple cases of duplicated blot panels,"Division of Endocrinology and Metabolism, Department of Internal Medicine, Hyogo College of Medicine, Mukogawa-cho 1-1, Nishinomiya, Hyogo, 663-8501, Japan.",15,,,4.814814814814816,7,4
171,Hemin-Induced Modifications of the Antigenicity and Hemin-Binding Capacity of Porphyromonas gingivalis Lipopolysaccharide,"Oncogene (2013) 32, 1691Ä1701",10.1371/journal.pone.0096343,2008,reuse of 2 bands multiple times to create blot panel,"Thoracic Surgery, Key Laboratory of Carcinogenesis and Translational Research Ministry of Education, Peking University School of Oncology, Beijing Cancer Hospital & Institute, Beijing, China",23,,Political Science,6.909090909090909,300,4
172,Itch E3 ubiquitin ligase regulates large tumor suppressor 1 stability,"J. Clin. Microbiol. 2006, 44(3):772",10.1016/j.cyto.2011.06.005,2013,,"Department of Radiation Medicine, Institute of Modern physics, Chinese Academy of Sciences, Lanzhou, China",25,,,50.0,300,10
173,Proteasome Dysfunction Mediates High Glucose-Induced Apoptosis in Rodent Beta Cells and Human Islets,"PLOS ONE, May 2014 | Volume 9 | Issue 5 | e96343",10.1016/j.cyto.2012.05.021,2014,"duplicated FACS plots, one pair exact, other possibly altered, duplicated blot panels, flipped","Department of Clinical and Experimental Medicine, General Pathology and Immunology Section, University of Perugia, Perugia, Italy. erosati@unipg.it",19,,,0.8181818181818182,15,9
174,cDNA cloning and functional analysis of goose interleukin-2,"Infect. Immun. 2013, 81(12):4509",10.1016/j.jaut.2006.05.001,2010,"very similar negative microscopy images, very similar cell grouping in other image","Department of Oral and Maxillofacial Pathology, College of Dentistry, Wonkwang University, Iksan, Republic of Korea.",7,PhD,,0.5714285714285714,24,27
175,The Retromer Complex Is Required for Rhodopsin Recycling and Its Loss Leads to Photoreceptor Degeneration,"Evidence-Based Complementary, and Alternative Medicine, Volume 2014, Article ID 640857",10.1016/j.cyto.2004.11.009,2012,Overlapping microscopy images,"Department of Nutrition, I-Shou University, Jiaosu Village, Yanchao District, Kaohsiung 82445, Taiwan.",19,Ph.D.,,0.42857142857142855,300,14
176,Anti-inflammatory effect of aldose reductase inhibition in murine polymicrobial sepsis,"Breast Cancer Research 2012, 14:R127",10.1371/journal.pone.0053510,2006,Duplicated 0h microscopy images,None,9,PhD,Biology,1.7,56,8
177,Multi-Method Approach for Characterizing the Interaction between Fusarium verticillioides and Bacillus thuringiensis Subsp. Kurstaki,"Infect. Immun. 2012, 80(8):2920",10.1038/onc.2014.404,2005,"Duplicated compressed blots, overlapping microscopy","Department of Nephrology, The First Affiliated Hospital, Sun Yat-sen University, Guangzhou 510080, Guangdong, PR China.",19,PhD in Molecular Biophysics,,1.5384615384615383,4,10
178,Bacillus anthracis Capsule Activates Caspase-1 and Induces Interleukin-1__ Release from differentiated THP-1 and Human Monocyte-Derived Dendritic Cells__,"PLOS ONE, August 2013 | Volume 8 | Issue 8 | e71127",10.1371/journal.pone.0071127,2005,"Duplicated blot, lanes within blot","Department of Genetics, Cancer Research United Kingdom Cell Cycle Genetics Research Group,  University of Cambridge, Cambridge CB2 3EH,  United Kingdom.",21,,,0.5714285714285714,300,10
179,RAS promotes tumorigenesis through genomic instability induced by imbalanced expression of Aurora-A and BRCA2 in midbody during cytokinesis,Cytokine 49 (2010) 312Ä318,10.1016/j.jaut.2008.12.003,2011,"Duplicated actin blot panel but different experiments, cuts in panels","Experimental and Clinical Research Center (ECRC), Charité-Universitätsmedizin Berlin, Max Delbrück Center (MDC) for Molecular Medicine in the Helmholtz Association, Berlin, Germany.",5,PhD,,1.5714285714285714,42,4
180,Orphan Nuclear Receptor Errc Induces C-Reactive Protein Gene Expression through Induction of ER-Bound Bzip Transmembrane Transcription Factor CREBH,"PLOS ONE, July 2013 | Volume 8 | Issue 7 | e69485,  doi: 10.1371/journal.pone.0069485",10.1016/j.jaut.2008.12.003,2006,"multiple cases of shifted blots, duplicated bands within blots","Academic Unit of Clinical Oncology, University of Sheffield, Medical School, Beech Hill Road, Sheffield, S10 2RX, UK.",0,PhD,,0.3076923076923077,8,19
181,Expression of bovine (Bos indicus) interleukin-18 in Escherichia coli and its biological activity,Cytokine 46 (2009) 72Ä78,10.1128/IAI.00013-12,2013,Overlapping microscopy images,"Department of Microbiology and Molecular Genetics, University of Pittsburghgrid.21925.3d School of Medicine, Pittsburgh, Pennsylvania, USA.",11,,Medicine,1.8571428571428568,30,17
182,"Effects of Moraxella (Branhamella) ovis Culture Filtrates on Bovine Erythrocytes, Peripheral Mononuclear Cells and Corneal Epithelial Cells","PLOS Pathogens,  June 2014 | Volume 10 | Issue 6 | e1004195",10.1073/pnas.1319190110,2012,duplicated blot panel,"Department of Medical Research, Chi-Mei Medical Center, Tainan, Taiwan.",11,Phd,,3.333333333333333,7,23
183,An Extracellular Subtilase Switch for Immune Priming in Arabidopsis,Cytokine 44 (2008) 33Ä43,10.1016/j.cyto.2013.04.005,1999,Duplicated / mirrored bands in blot,"Department of Biochemistry and Molecular Biophysics, Biochemistry and Molecular and Cellular Biology Graduate Program, University of Arizona, Tucson, AZ, USA.",17,,,24.88888888888889,76,10
184,Low titre autoantibodies against recoverin in sera of patients with small cell lung cancer but without a loss of vision,"PLOS ONE, February 2013 | Volume 8 | Issue 2 | e57285, doi:10.1371/journal.pone.0057285",10.1371/journal.pgen.1004480,2012,gel panel appears to have patches,"Department of Cancer and Thoracic Surgery, Graduate School of Medicine, Dentistry and Pharmaceutical Sciences, Okayama University, 2-5-1 Shikata-cho, Kita-ku, Okayama 700-8558, Japan.",0,,,1.2727272727272727,7,4
185,Increased levels of bioactive IL-16 correlate with disease activity during relapsing experimental autoimmune encephalomyelitis (EAE),"PLOS ONE, February 2013 | Volume 8 | Issue 2 | e57285, doi:10.1371/journal.pone.0057285",10.1371/journal.pone.0063581,2011,Overlapping microscopy images,"Thoracic Surgery, Key Laboratory of Carcinogenesis and Translational Research Ministry of Education, Peking University School of Oncology, Beijing Cancer Hospital & Institute, Beijing, China",0,,,0.8,154,10
186,"Magnesium Lithospermate B, an Active Extract of Salvia miltiorrhiza, Mediates sGC/cGMP/PKG Translocation in Experimental Vasospasm","Int. J. Cancer: 132, 1940Ä1953 (2013)",10.1371/journal.pone.0053510,2013,Duplicated lanes within same blot,"Laboratory of Virology and Immunology, Institute of Preventive Veterinary Medicine, College of Animal Sciences, Zhejiang University, 268 Kaixuan Road, Hangzhou, Zhejiang Province 310029, PR China. jyzhou@zju.edu.cn",13,Ph.D,,8.444444444444445,2,10
187,Tumor necrosis factor alpha down-regulates the Na+-K+ ATPase and the Na+-K+2Cl- cotransporter in the kidney cortex and medulla,"BioMed Research International, Volume 2014, Article ID 272101",10.1186/1471-2180-13-113,2006,Overlapping microscopy images,"Department of Pathology, First Affiliated Hospital and College of Basic Medical Sciences of China Medical University, Shenyang 110001, China.",11,,,1.1111111111111112,20,8
188,The deubiquitylase USP37 links REST to the control of p27 stability and cell proliferation,Journal of Autoimmunity 28 (2007) 99-113,10.1128/IAI.73.3.1754-1763.2005,2012,"duplicated blot strips, slightly shifted","Stem Cell and Tissue Engineering Department, Research Center for Science and Technology in Medicine (RCSTiM), Tehran University of Medical Sciences, Tehran, Iran.",9,PhD in Molecular Biophysics,,2.0,300,12
189,"Sparstolonin B, a Novel Plant Derived Compound, Arrests Cell Cycle and Induces Apoptosis in N-Myc Amplified and N-Myc Nonamplified Neuroblastoma Cells","PLOS One, February 2014 | Volume 9 | Issue 2 | e90318",10.1128/IAI.06230-11,2014,two sets of duplicated facs panels but different percentages gated points,"Department of Veterinary Medicine, School of Veterinary Medicine, National Taiwan University, Taipei, Taiwan, R.O.C.",15,Assist. Prof. Dr.,,4.125,9,9
190,Mutation of the Diamond-Blackfan Anemia Gene Rps7 in Mouse Results in Morphological and Neuroanatomical Phenotypes,"Oncogene (2014), 1Ä13",10.1371/journal.ppat.1003576,2013,"Duplicated blot, stretched","Department of Immunology, Medical College of Chinese People's Armed Police Forces, Tianjin, People's Republic of China. wy68wy68@yahoo.com.cn",51,MD,Computer Science,1.0,3,7
191,Multiple controls affect arsenite oxidase gene expression in Herminiimonas arsenicoxydans,"PLOS One, April 2014 | Volume 9 | Issue 4 | e92189",10.1073/pnas.1108537109,2012,Overlapping microscopy images,"Department of Microbiology and Immunology, Nihon University School of Dentistry at Matsudo, 2-870-1 Sakaecho-Nishi, Matsudo, Chiba 271-8587, Japan.",17,,,7.0,182,16
192,The Evolutionary Rewiring of Ubiquitination Targets Has Reprogrammed the Regulation of Carbon Assimilation in the Pathogenic Yeast Candida albicans,"PLOS Genetics, January 23, 2014DOI: 10.1371",10.1111/j.1462-2920.2012.02788.x,2012,duplicated western blot panels,"Department of Veterinary Medicine, School of Veterinary Medicine, National Taiwan University, Taipei, Taiwan, R.O.C.",13,,,0.625,27,8
193,Multiple controls affect arsenite oxidase gene expression in Herminiimonas arsenicoxydans,Cytokine 26 (2004) 1-8,10.1186/1471-2180-13-113,2013,"Duplicated mirrored band, stamping in background",None,11,,Psychology,1.7857142857142858,127,13
194,Expression of bovine (Bos indicus) interleukin-18 in Escherichia coli and its biological activity,"PLOS ONE, August 2013 | Volume 8 | Issue 8 | e71127",10.3892/ijo.2013.1761,2013,Duplicated set of images - most likely an error,"CNRS UMR 5203, INSERM U661, and Montpellier 1 & 2 University, Institute of Functional Genomics, Montpellier, France",19,,,1.1111111111111112,26,10
195,Distribution of the Secondary Type III Secretion System Locus Found in Enterohemorrhagic Escherichia coli O157:H7 Isolates among Shiga Toxin-Producing E. coli Strains,"J. Clin. Microbiol. 2006, 44(3):772",10.1128/JCM.42.3.1082-1088.2004,2014,Duplicated blot panel within other panel,"Department of Internal Medicine, Faculty of Medicine, Saga University, 5-1-1 Nabeshima, Saga 849-8501, Japan.",9,PhD,Biology,2.1818181818181817,13,13
196,High cellular organization of pyoverdine biosynthesis in Pseudomonas aeruginosa: clustering of PvdA at the old cell poleemi_274,Cytokine 30 (2005) 328-338,10.1016/j.ccr.2012.10.003,2010,"Duplicated gel, differently cut","Osteoncology Center, IRCCS Istituto Scientifico Romagnolo per lo Studio e la Cura dei Tumori (I.R.S.T.), I-47014 Meldola (FC), Italy. t.ibrahim@irst.emr.it",11,,Medicine,1.0769230769230769,20,4
197,Differential activation of the inflammasome in THP-1 cells exposed to chrysotile asbestos and Libby ÃÃsix-mixÅÅ amphiboles and subsequent activation of BEAS-2B cells,"PLOS One, April 2014 | Volume 9 | Issue 4 | e93563",10.1016/j.jaut.2006.05.001,2009,two similar looking western blot strips,"Department of Microbiology, Oregon State University, Corvallis, Oregon 9731, USA.",0,,,0.625,49,9
198,Stac3 Inhibits Myoblast Differentiation into Myotubes,"Lung Cancer (2006) 53, 273Å284",10.1128/JCM.00001-09,2013,Overlapping microscopy images,"Department of Oral and Maxillofacial Surgery, Hyogo College of Medicine, Nishinomiya, Hyogo 663-8501, Japan.",7,,Biology,100.0,130,27
199,JMJD6 is a driver of cellular proliferation and motility and a marker of poor prognosis in breast cancer,"Infection, and Immunity, September 2014 Volume 82 Number 9 p. 3867Ä3879",10.1128/mBio.00252-13,2005,"Shifted blots, representing different proteins","Department of Biologic and Materials Sciences, University of Michigan School of Dentistry, University of Michigan School of Medicine, Ann Arbor, Michigan, USA.",9,,Biology,2.875,300,8
200,Increases in inflammatory mediators in DRG implicate in the pathogenesis of painful neuropathy in Type 2 diabetes,Lung Cancer 34 (2001) 99Ä104,10.1111/j.1348-0421.2005.tb03723.x,2011,"Shifted blots, representing different proteins",None,21,MD,,1.2727272727272727,4,12
201,Up-regulation of focal adhesion kinase in non-small cell lung cancer,Cytokine 46 (2009) 96Ä99,10.1016/j.cyto.2009.07.004,2012,duplicated microscopy panel,"National Centre for Marine Conservation & Resource Sustainability, University of Tasmania, Tasmania, Australia. rvangeld@utas.edu.au",7,PhD,Engineering,1.5789473684210529,6,18
202,Heat Shock Protein 27 Is Spatially Distributed in the Human Placenta and Decreased during Labor,"J. Clin. Microbiol. 2006, 44(3):772",PMID: 8675338,2009,"repetitive bands, and background in gel panel","Division of Endocrinology and Metabolism, Department of Internal Medicine, Hyogo College of Medicine, Mukogawa-cho 1-1, Nishinomiya, Hyogo, 663-8501, Japan.",11,Doctor of Philosophy,,5.5625,13,16
203,Fine Tuning Inflammation at the Front Door: Macrophage Complement Receptor 3-mediates Phagocytosis and Immune Suppression for Francisella tularensis,"Evidence-Based Complementary, and Alternative Medicine, Volume 2014, Article ID 989340",10.1111/j.1348-0421.2004.tb03525.x,2014,Duplicated FACS panels,"Department of Biologic and Materials Sciences, University of Michigan School of Dentistry, University of Michigan School of Medicine, Ann Arbor, Michigan, USA.",13,Doctor of Philosophy,,1.7407407407407407,10,8
204,Differential Effects of Collagen Prolyl 3-Hydroxylation on Skeletal Tissues,"J. Clin. Microbiol. 1998, 36(6):1666-1673",10.1016/j.cyto.2005.12.007,2013,Rotated western blot,"Department of Cancer Biology, Dana-Farber Cancer Institute, Boston, Massachusetts 02115, USA.",3,,,1.5714285714285714,23,18
205,Fur-Regulated Iron Uptake System of Edwardsiella ictaluri and Its Influence on Pathogenesis and Immunogenicity in the Catfish Host,Cytokine 46 (2009) 96Ä99,10.1016/j.lungcan.2011.10.002,2003,,"Institute of Pharmacology, Toxicology and Pharmacy, Ludwig-Maximilians-University, Munich, Germany",19,,,2.875,16,7
206,Cleavage of CAD inhibitor in CAD activation and DNA degradation during apoptosis,"Infect. Immun. Mar. 2005, p. 1386Ä1398 Vol. 73, No. 3",10.1128/JCM.42.2.665-669.2004,2012,"Duplicated blot panel, stretched","Department of Experimental and Clinical Medicine, Università Politecnica delle Marche, Via Tronto 10/a, Ancona, 60020, Italy.",17,BSc in Pharmacy,,1.2,300,9
207,Time-dependent onset of Interferon-a2b-induced apoptosis in isolated hepatocytes from preneoplastic rat livers,"Evidence-Based Complementary, and Alternative Medicine, Volume 2013, Article ID 594906",10.1128/IAI.06230-11,2014,Duplicated blot,"Department of Comparative Physiology, Uppsala University, Uppsala, Sweden",17,,Political Science,1.3,14,7
208,Anti-ribosomal-P antibodies accelerate lupus glomerulonephritis and induce lupus nephritis in nai_ve mice,"PLOS One, April 2014 | Volume 9 | Issue 4 | e94830",10.1126/science.1156725,2014,multiple duplicated microscopy images,"Department of Diagnostic and Biological Sciences, School of Dentistry, University of Minnesota, Minneapolis, Minnesota, USA.",9,,,1.7,37,6
209,Lactobacillus bulgaricus Prevents Intestinal Epithelial Cell Injury Caused by Enterobacter sakazakii-Induced Nitric Oxide both In Vitro and in the Newborn Rat Model of Necrotizing Enterocolitis__,"Oncogene (2014), 1Ä13",10.1128/IAI.01192-08,2013,"Duplicated lanes within blots, many many case","Department of Pharmacology, National Medicines Institute, Warsaw, Poland",9,,,8.571428571428571,4,19
210,Localization of the Intracellular Activity Domain of Pasteurella multocida Toxin to the N Terminus,"Cancer Cell 26, 754Ä769, November 10, 2014",10.1371/journal.pone.0087003,2008,"Reused lanes, possibly duplicated lanes","Department of Biologic and Materials Sciences, University of Michigan School of Dentistry, University of Michigan School of Medicine, Ann Arbor, Michigan, USA.",0,Ph.D. Microbiology,,2.142857142857143,7,19
211,Adenovirus-mediated overexpression of BMP-9 inhibits human osteosarcoma cell growth and migration through downregulation of the PI3K/AKT pathway,"Breast Cancer Research 2012, 14:R86",10.1371/journal.ppat.1003981,2011,"Identical microscopy panels, might be error","1] State Key Laboratory of Plant Genomics and National Center for Plant Gene Research (Beijing), Institute of Genetics and Developmental Biology, Chinese Academy of Sciences, Beijing 100101, China [2].",15,MD,,1.7407407407407407,78,15
212,Genetic and epigenetic alterations are involved in the regulation of TPM1 in cholangiocarcinoma,"PLOS Pathogens,  June 2014 | Volume 10 | Issue 6 | e1004195",10.1186/bcr3200,2012,Mirrored blot,"Program in Vector-Borne Diseases, Department of Veterinary Microbiology and Pathology, Paul G. Allen School for Global Animal Health, Washington State University, Pullman, Washington, USA.",6,,,1.2222222222222223,36,3
213,Frequent methylation and oncogenic role of microRNA-34b/c in small-cell lung cancer,"INTERNATIONAL JOURNAL OF ONCOLOGY 41: 611-620, 2012",10.1016/j.lungcan.2006.06.006,2009,"Duplicated gel, differently cut","Department of Surgery, Faculty of Medicine, School of Medicine, Kaohsiung Medical University, Kaohsiung, Taiwan ; Department of Neurosurgery, Kaohsiung Medical University Hospital, No. 100, Tzyou 1st Road, Kaohsiung 80752, Taiwan ; Department of Surgery, Kaohsiung Municipal Ta Tung Hospital, Kaohsiung, Taiwan.",23,,,10.0,46,12
