,Citation,DOI,Year,FINDINGS,title,affiliation,lab_size,Highest_degree,Degree_area,Publication_Rate,Other Journals Published In,duration of Career(Years)
0,Cytokine 33 (2006) 138e144,10.1155/2014/989340,2007,"Duplicated or mirrored blot panels, or lanes within blots",Signaling pathway underlying the up-regulatory effect of TNF-a on the Na+/K+ ATPase in HepG2 cells,"McArdle Laboratory for Cancer Research, University of Wisconsin-Madison, Madison, WI 53706, USA.",13,,,8.571428571428571,24,5
1,"PLOS Pathogens, January 2014 | Volume 10 | Issue 1 | e1003896",10.1155/2013/308130,2009,Two sets of rotated microscopy images,Role of MyD88 in Diminished Tumor Necrosis Factor Alpha Production by Newborn Mononuclear Cells in Response to Lipopolysaccharide,"National Centre for Marine Conservation & Resource Sustainability, University of Tasmania, Tasmania, Australia. rvangeld@utas.edu.au",13,PhD,Biology,1.7407407407407407,29,9
2,"PLOS ONE, August 2013 | Volume 8 | Issue 8 | e71127",10.1128/mBio.00275-11,2012,two sets of duplicated facs panels but different percentages gated points,Functional analysis of Zyxin in cell migration and invasive potential of oral squamous cell carcinoma cells,"UMR 7242, Université de Strasbourg-CNRS, ESBS, Blvd Sébastien Brant, F-67413 Illkirch, Strasbourg, France.",7,,,1.0,26,9
3,"Cancer Cell 26, 754Ä769, November 10, 2014",PMID: 9620397,2014,"Reused lanes, possibly duplicated lanes",Hemin-Induced Modifications of the Antigenicity and Hemin-Binding Capacity of Porphyromonas gingivalis Lipopolysaccharide,"Anhui Provincial Laboratories of Pathogen Biology and Zoonoses, Department of Microbiology and Parasitology, Anhui Medical University, Hefei, China",21,,,2.142857142857143,28,7
4,"Infect. Immun. 2012, 80(8):2689",10.1371/journal.ppat.1003896,2013,Duplicated blot panel,D14ÄSCFD3-dependent degradation of D53 regulates strigolactone signalling,"Laboratory of Lung Biology, Department of Pathobiological Sciences and Center for Experimental Infectious Disease Research, Harvard Medical School, Boston, Massachusetts, USA",23,PhD,,2.5,10,9
5,"PNAS | Published online December 23, 2013 | E89ÄE98",10.1155/2013/467245,2003,Overlapping microscopy images,"Adiponectin stimulates release of CCL2, -3, -4 and -5 while the surface abundance of CCR2 and -5 is simultaneously reduced in primary human monocytes","Department of Orthopedic Surgery, Xinhua Hospital, Shanghai Jiaotong University School of Medicine, Shanghai 200092, China.",15,Doctor of Philosophy,,24.88888888888889,3,19
6,Journal of Autoimmunity 28 (2007) 99-113,10.1128/IAI.01769-14,2012,Duplicated lanes within same gel panel,Inhibition of rhabdomyosarcoma cell and tumor growth by targeting specificity protein (Sp) transcription factors,"CNRS UMR 5203, INSERM U661, and Montpellier 1 & 2 University, Institute of Functional Genomics, Montpellier, France",9,BSc in Pharmacy,,1.7,18,10
7,"Evidence-Based Complementary, and Alternative Medicine, Volume 2014, Article ID 640857",10.1128/IAI.00956-09,2012,"Duplicated compressed blots, overlapping microscopy",Human Genome-Wide RNAi Screen Identifies an Essential Role for Inositol Pyrophosphates in Type-I Interferon Response,"Department of Pediatrics, Children's Hospital, Room 2.300, University of Texas Medical Branch, 301 University Blvd., Galveston, TX 77555, USA.",19,PhD,,33.333333333333336,33,3
8,"PNAS | July 9, 2013 | vol. 110 | no. 28 | 11409Ä11414",10.1371/journal.pone.0090318,2012,duplicated bands within same gel panel,Ectopic Expression of a Maize Hybrid Down-Regulated Gene ZmARF25 Decreases Organ Size by Affecting Cellular Proliferation in Arabidopsis,"Department of Neurology, The Agnes Ginges Center for Human Neurogenetics, Hadassah University Hospital, Jerusalem, Israel",9,,,3.8571428571428568,36,16
9,"Breast Cancer Research 2012, 14:R35",10.1128/IAI.01769-14,2014,shifted GAPDH panels,Rab1A Is an mTORC1 Activator and a Colorectal Oncogene,"Department of Oral and Maxillofacial Surgery, Hyogo College of Medicine, Nishinomiya, Hyogo 663-8501, Japan.",19,DVM,,2.0,300,7
10,"PLOS ONE, August 2013 | Volume 8 | Issue 8 | e71127",10.1128/IAI.00956-09,2013,"Duplicated blot panels, different exposure",Mitochondrial Dysfunction Promotes Breast Cancer Cell Migration and Invasion through HIF1a Accumulation via Increased Production of Reactive Oxygen Species,"The Lautenberg Center for General and Tumor Immunology, Hebrew University-Hadassah Medical School, Jerusalem 91120, Israel.",6,Ph.D.,,2.6666666666666665,25,17
11,"PLOS ONE, August 2014 | Volume 9 | Issue 8 | e105049, doi: 10.1371/journal.pone.0105049",10.1128/IAI.00956-09,2006,Same band seen twice in one blot strip,Augmentation of Epithelial Resistance to Invading Bacteria by Using mRNA Transfections,"Faculty of Pharmacy, Universiti Teknologi MARA, Puncak Alam Campus, 42300 Bandar Puncak Alam, Selangor, Malaysia.",4,,,3.272727272727273,3,16
12,"Infect. Immun. 2013, 81(9):3239. DOI: 10.1128/IAI.00552-13",10.1128/IAI.01008-13,2011,Duplicated whole figure; very likely error,STAT1 and STAT3 phosphorylation by porins are independent of JAKs but are dependent on MAPK pathway and plays a role in U937 cells production of interleukin-6,"Department of Laboratory Medicine, The First Affiliated Hospital of Sun Yat-sen University, Guangzhou, Guangdong, China",0,,Physics,3.125,10,3
13,Cytokine 30 (2005) 328-338,10.3892/ijo.2012.1741,1996,"overlapping microscopy images,but rotated/stretched",cDNA cloning and functional analysis of goose interleukin-2,"Institute for Global Food Security, School of Biological Sciences, Medical Biology Centre, Queen's University Belfast, 97 Lisburn Road, Belfast BT9 7BL, UK.",11,,Medicine,0.625,76,38
14,Cytokine 44 (2008) 221Ä228,10.1371/journal.pone.0099137,2008,Mirrored blot,Saccharomyces boulardii Interferes with Enterohemorrhagic Escherichia coli-Induced Signaling Pathways in T84 Cells,"National Institute of Biomedical Genomics, 2nd Floor Netaji Subash Sanatorium, Kalyani 741251, India.",15,,,50.6,11,3
15,"Infect. Immun. Mar. 2003, p. 1209Ä1216",10.1128/JCM.42.3.1082-1088.2004,2005,part of blot panel reused to represent different protein,"Magnesium Lithospermate B, an Active Extract of Salvia miltiorrhiza, Mediates sGC/cGMP/PKG Translocation in Experimental Vasospasm","Department of Surgery, Gastroenterological Surgery, Graduate School of Medicine, Osaka University, Suita, Osaka, Japan.",11,PhD,Biology,2.6666666666666665,3,15
16,"PLOS ONE, January 2014 | Volume 9 | Issue 1 | e84982",10.1016/S0169-5002(03)00239-3,2014,Overlapping microscopy images,"Loss of plakoglobin promotes decreased cell-cell contact, increased invasion and breast cancer cell dissemination in vivo","Department of Neurosurgery, Taichung Veterans General Hospital, Taichung 40705, Taiwan ; Department of Physical Therapy, Hung Kuang University, Taichung 43302, Taiwan ; Department of Medicine, National Defense Medical Center, Taipei 114, Taiwan ; Tri-Service General Hospital, National Defense Medical Center, Taipei 114, Taiwan.",29,PhD,Biology,1.25,8,5
17,Journal of Autoimmunity 54 (2014) 118-126,10.1016/j.cyto.2007.04.003,2013,"multiple overlapping microscopy images, groups of cells visible in multiple images",RAS promotes tumorigenesis through genomic instability induced by imbalanced expression of Aurora-A and BRCA2 in midbody during cytokinesis,"Crete Veterinary Clinic, Nebraska 68333-0008, USA.",11,,,1.25,18,18
18,Microbiol Immunol 2010; 54: 564Ä567,10.1073/pnas.1310331110,2014,Duplicated microscopy image; might be error,Honokiol activates AMP-activated protein kinase in breast cancer cells via an LKB1-dependent pathway and inhibits breast carcinogenesis,"Department of Veterinary Physiology and Pharmacology, Texas A&M University, College Station, TX 77843-4466, USA.",0,MD,,0.7058823529411765,130,7
19,"Infection and Immunity 73: Feb. 2003, p. 766Ä773",10.1128/IAI.06230-11,2013,Duplicated microscopy images,Interplay of mevalonate and Hippo pathways regulates RHAMM transcription via YAP to modulate breast cancer cell motility,"Program in Developmental Biology, Baylor College of Medicine, Houston, Texas, United States of America",0,,,50.77777777777778,253,9
20,"Environmental Microbiology (2012) 14(8), 1982Ä1994",10.1371/journal.pgen.1003361,2005,"Duplicated blot panels, different exposure",Leptin stimulates ovarian cancer cell growth and inhibits apoptosis by increasing cyclin D1 and Mcl-1 expression via the activation of the MEK/ERK1/2 and PI3K/Akt signaling pathways,"Department of Pathology, First Affiliated Hospital and College of Basic Medical Sciences of China Medical University, Shenyang 110001, China.",9,,,1.5,10,12
21,Lung Cancer 69 (2010) 232Ä238,10.1371/journal.pone.0094830,2014,Duplicated lanes within same blot,Astakine 2Åthe Dark Knight Linking Melatonin to Circadian Regulation in Crustaceans,"Department of Veterinary PathoBiology, College of Veterinary Medicine, University of Minnesota, St. Paul, Minnesota 55108, USA.",15,PhD,Biology,1.5789473684210529,224,18
22,"Infect. Immun. 2012, 80(8):2920",10.1128/IAI.00013-12,2013,"Duplicated cells within microscopy panels, multiple cases, duplicated blots",S137 Phosphorylation of Profilin 1 Is an Important Signaling Event in Breast Cancer Progression,"E2C and LGCR-SDI Department, Sanofi Research and Development, 31100 Toulouse, France.",11,,,2.333333333333333,12,7
23,Cytokine 46 (2009) 72Ä78,10.1371/journal.pone.0103868,2006,Duplicated blots,HtrA1 in human urothelial bladder cancer: A secreted protein and a potential novel biomarker,"Department of Pediatrics, Children's Hospital, Room 2.300, University of Texas Medical Branch, 301 University Blvd., Galveston, TX 77555, USA.",5,,,2.875,58,6
24,Cytokine 44 (2008) 33Ä43,10.1016/j.jaut.2006.05.001,2012,"possible duplicated lanes within same blot, patch in other blot",Estrogen receptor _ inhibits estradiol-induced proliferation and migration of MCF-7 cells through regulation of mitofusin 2,"Department of Biochemistry, Institute of Medical Sciences, Banaras Hindu University, Varanasi, India",9,Doctor of Philosophy,,3.25,300,11
25,"Int. J. Cancer: 133, 2726Ä2736 (2013)",10.1128/JCM.43.7.3512-3515.2005,2009,Overlapping microscopy images,Downregulation of MDR1 Gene by Cepharanthine Hydrochloride Is Related to the Activation of c-Jun/JNK in K562/ADR Cells,"Department of Craniofacial Biology and the Center for Oral Health Research, Medical University of South Carolina, SC 29425, United States.",15,DVM,,100.0,78,3
26,"INTERNATIONAL JOURNAL OF ONCOLOGY 41: 611-620, 2012",10.1128/IAI.73.3.1386-1398.2005,2014,"Duplicated FACS panel, gated differently",LRP-6 is a coreceptor for multiple fibrogenic signaling pathways in pericytes and myofibroblasts that are inhibited by DKK-1,"Department of Veterinary Physiology and Pharmacology, Texas A&M University, College Station, TX 77843-4466, USA.",16,,Computer Science,7.0,25,12
27,"PLOS One, January 2014 | Volume 9 | Issue 1 | e87003",10.1155/2013/358945,2013,Duplicated parts of lanes to make 2 negative lanes,LRP-6 is a coreceptor for multiple fibrogenic signaling pathways in pericytes and myofibroblasts that are inhibited by DKK-1,"Department of Pharmacology, National Medicines Institute, Warsaw, Poland",15,MSc.,Biology,45.33333333333334,136,6
28,"PLOS One, January 2014 | Volume 9 | Issue 1 | e87003",10.1155/2013/210604,2012,Shifted actin blot panels,The Retromer Complex Is Required for Rhodopsin Recycling and Its Loss Leads to Photoreceptor Degeneration,"Department of Genetics, Cancer Research United Kingdom Cell Cycle Genetics Research Group,  University of Cambridge, Cambridge CB2 3EH,  United Kingdom.",13,,,8.444444444444445,26,10
29,"PLOS ONE, May 2014 | Volume 9 | Issue 5 | e96343",10.1371/journal.pone.0093995,2014,,Genome-wide incorporation dynamics reveal distinct categories of turnover for the histone variant H3.3,"Department of Pharmacology, National Medicines Institute, Warsaw, Poland",5,,,8.444444444444445,8,7
30,Cytokine 42 (2008) 198Ä204,10.1371/journal.ppat.1004059,2010,Multiple cases of shifted or duplicated blot panels,The effect of transforming growth factor _1 on the crosstalk between autophagy and apoptosis in the annulus fibrosus cells under serum deprivation,"Department of Surgery, University of Wisconsin Hospital and Clinics, Madison, Wisconsin, United States of America",11,MD,,50.77777777777778,36,5
31,"Evidence-Based Complementary, and Alternative Medicine, Volume 2013, Article ID 938081",10.3892/ijo.2012.1617,2004,"duplicated, stretched blot panels with duplicated area within blot",Loss of the Par3 Polarity Protein Promotes Breast Tumorigenesis and Metastasis,"1] Priority Research Centre for Cancer Research, University of Newcastle, Callaghan, NSW, Australia [2] School of Medicine and Public Health, University of Newcastle, Callaghan, NSW, Australia.",3,PhD,,5.5625,70,7
32,Cytokine 60 (2012) 718Ä730,10.1073/pnas.1310331110,2013,overlapping microscopy images,"c-Secretase inhibitor I induces apoptosis in chronic lymphocytic leukemia cells by proteasome inhibition, endoplasmic reticulum stress increase and Notch down-regulation","Department of Comparative Physiology, Uppsala University, Uppsala, Sweden",11,PhD,,75.0,12,6
33,"PLOS Biology, April 2014 | Volume 12 | Issue 4 | e1001847",10.1155/2012/732578,2014,Overlapping microscopy images,"c-Secretase inhibitor I induces apoptosis in chronic lymphocytic leukemia cells by proteasome inhibition, endoplasmic reticulum stress increase and Notch down-regulation","Department of Enzymology, A.N. Belozersky Institute of Physico-Chemical Biology, Moscow State University, 119899 Moscow, Russia.",25,,Biology,150.0,19,14
34,"Science 339, 1092 (2013)",10.1128/IAI.01192-08,2013,Overlapping microscopy images,First Infection with VanD-Type Glycopeptide-Resistant Enterococcus faecium in Europe,"National Creative Research Initiatives Center for Nuclear Receptor Signals, Hormone Research Center, School of Biological Sciences and Technology, Chonnam National University, Gwangju, Republic of Korea",21,Doctor of Philosophy,,1.2142857142857142,33,11
35,"BioMed Research International, Volume 2014, Article ID 164391",10.1371/journal.pone.0086342,2014,duplicated microscopy panels,Two Functional Type VI Secretion Systems in Avian Pathogenic Escherichia coli Are Involved in Different Pathogenic Pathways,"Department of Pediatrics, Children's Hospital, Room 2.300, University of Texas Medical Branch, 301 University Blvd., Galveston, TX 77555, USA.",15,,,19.571428571428573,6,6
36,"PLOS ONE, July 2013 | Volume 8 | Issue 7 | e69485,  doi: 10.1371/journal.pone.0069485",10.1002/ijc.28289,2011,Shifted actin blot panels,Epigenetic Regulation of Cardiac Progenitor Cells Marker c-kit by Stromal Cell Derived Factor-1a,"a Institut für Pathologie , Universitätsmedizin Greifswald , Greifswald , Germany.",43,,,1.0,5,8
37,"Infect. Immun. Mar. 2009, p. 1031Ä1043 Vol. 77, No. 3",10.1371/journal.pone.0086342,2014,Overlapping microscopy images,Evaluation of Salmonella enterica Type III Secretion System Effector Proteins as Carriers for Heterologous Vaccine Antigens,"Division of High-risk Pathogen Research, Center for Infectious Diseases, National Institute of Health, 194 Tongil-Lo, Eunpyung-gu, Seoul 122-701, Korea.",9,,Medicine,1.5,39,6
38,Cytokine 70 (2014) 87Ä96,10.1371/journal.pone.0098448,2009,Duplicated agarose gel panels,"Ovarian cancer cells, not normal cells, are damaged by Mirk/Dyrk1B kinase inhibition","Department of Laboratory Medicine, The First Affiliated Hospital of Sun Yat-sen University, Guangzhou, Guangdong, China",9,,Medicine,50.77777777777778,78,12
39,"PLOS One, April 2014 | Volume 9 | Issue 4 | e93563",10.1126/science.1156725,2009,Duplicated actin blot,"Ethanol Extracts of Fruiting Bodies of Antrodia cinnamomea Suppress CL1-5 Human Lung Adenocarcinoma Cells Migration by Inhibiting Matrix Metalloproteinase-2/9 through ERK, JNK, p38 and PI3K/Akt Signaling Pathways","Blood Transfusion Centre of Slovenia, Ljubljana, Slovenia",43,BSc,Biology,1.5789473684210529,136,10
40,"PNAS | July 9, 2013 | vol. 110 | no. 28 | 11409Ä11414",10.1155/2014/272101,2013,"Duplicated control panel, stretched",High cellular organization of pyoverdine biosynthesis in Pseudomonas aeruginosa: clustering of PvdA at the old cell poleemi_274,"Université de Lyon, Université Lyon 1, CNRS UMR 5240 ""Microbiologie, Adaptation et Pathogénie,"" 69622 Villeurbanne, France.",13,Ph.D.,Biology,0.5714285714285714,11,3
41,"BioMed Research International, Volume 2014, Article ID 164391",10.1111/j.1472-765X.2012.03263.x,2013,"Duplicated blot panel, stretched",DUSP1 Is a Novel Target for Enhancing Pancreatic Cancer Cell Sensitivity to Gemcitabine,"Osteoncology Center, IRCCS Istituto Scientifico Romagnolo per lo Studio e la Cura dei Tumori (I.R.S.T.), I-47014 Meldola (FC), Italy. t.ibrahim@irst.emr.it",15,PhD,,1.8571428571428568,58,10
42,"Infect. Immun. 2012, 80(6):2121",10.3892/ijo.2012.1617,2001,Mirrored microscopy image,"Molecular Mechanism of SSR128129E, an Extracellularly Acting, Small-Molecule, Allosteric Inhibitor of FGF Receptor Signaling","Key Laboratory of Experimental Marine Biology, Institute of Oceanology, Chinese Academy of Sciences, Qingdao, China.",9,BSc,Biology,4.125,224,6
43,Cytokine 36 (2006) 245Ä253,10.1016/j.jaut.2007.02.007,2012,"Duplicated FACS panel, gated differently",IL-13 induces translocation of NF-kappaB in cultured human bronchial smooth muscle cells,"Department of Pediatrics, Dalhousie University, Halifax, Nova Scotia B3J 3G9, Canada.",11,,,7.0,10,12
44,"J. Clin. Microbiol. 2009, 47(6):1712. DOI: 10.1128/JCM.00001-09",10.1016/j.lungcan.2006.06.006,2008,Overlapping microscopy images,TspanC8 tetraspanins regulate ADAM10/Kuzbanian trafficking and promote Notch activation in flies and mammals,"1] Priority Research Centre for Cancer Research, University of Newcastle, Callaghan, NSW, Australia [2] School of Medicine and Public Health, University of Newcastle, Callaghan, NSW, Australia.",13,PhD,,10.461538461538463,25,9
45,"BMC Microbiology 2013, 13:113",10.1128/IAI.69.10.6131-6139.2001,2014,"Overlapping blots, two cases",Functional CD40 Expression Induced following Bacterial Infection of Mouse and Human Osteoblast,"Department of Biology, American University of Beirut, Lebanon.",15,Ph.D.,,4.473684210526316,27,20
46,J. Cell Biol. Vol. 199 No. 3 481Ä496,10.1126/science.1176709,2012,Multiple cases of duplicated blot panels,Cross-talk of alpha tocopherol-associated protein and JNK controls the oxidative stress-induced apoptosis in prostate cancer cells,"National Institute of Biomedical Genomics, 2nd Floor Netaji Subash Sanatorium, Kalyani 741251, India.",13,,,1.25,58,17
47,Lung Cancer 73 (2011) 302Ä309,10.1111/j.1348-0421.2004.tb03525.x,2012,"duplicated blot strips, slightly shifted",Itch E3 ubiquitin ligase regulates large tumor suppressor 1 stability,"Laboratoire Universitaire d'Antibiologie, Faculté de Médecine, CS83021, Avenue Kennedy, 30908 Nîmes Cedex 02, France.",11,,,2.875,4,9
48,"PLOS One, February 2014 | Volume 9 | Issue 2 | e90318",10.1111/j.1348-0421.2004.tb03525.x,2014,"duplicated gel panels, exact duplicate",High cellular organization of pyoverdine biosynthesis in Pseudomonas aeruginosa: clustering of PvdA at the old cell poleemi_274,None,11,,,1.1111111111111112,2,8
49,Cytokine 54 (2011) 305Ä314,10.1155/2014/272101,2014,"repetitive bands, and background in gel panel","Adiponectin stimulates release of CCL2, -3, -4 and -5 while the surface abundance of CCR2 and -5 is simultaneously reduced in primary human monocytes","Crete Veterinary Clinic, Nebraska 68333-0008, USA.",17,,,4.375,12,18
50,"Infection, and Immunity, Mar. 2005, p. 1754Ä1763 Vol. 73, No. 3",10.3892/ijo.2013.1761,2013,"Overlapping microscopy, duplicated blots, multiple cases",Dual Inhibiting Senescence and Epithelial-to-Mesenchymal Transition by Erythropoietin Preserve Tubular Epithelial Cell Regeneration and Ameliorate Renal Fibrosis in Unilateral Ureteral Obstruction,"Bellvitge Biomedical Research Institute (IDIBELL), Barcelona, Spain",15,PhD,Biology,2.6666666666666665,56,19
51,Cytokine 46 (2009) 72Ä78,10.1128/IAI.00013-12,2011,Overlapping microscopy,Characterization of a Large Outbreak by CTX-M-1-Producing Klebsiella pneumoniae and Mechanisms Leading to In Vivo Carbapenem Resistance Development,"1] Institute of Bioinformatics and Biosignal Transduction, College of Bioscience and Biotechnology, National Cheng-Kung University, Tainan, Taiwan [2] Center for Infection Disease and Signal Transduction, National Cheng-Kung University, Tainan, Taiwan.",15,,,4.375,4,10
52,"J. Clin. Microbiol. 2009, 47(6):1712. DOI: 10.1128/JCM.00001-09",10.1111/j.1462-2920.2012.02741.x,2013,Overlapping microscopy images,Infection by Streptococcus pyogenes Induces the Receptor Activator of NF-__B Ligand Expression in Mouse Osteoblastic Cells,"Department of Biology, American University of Beirut, Lebanon.",11,PhD,,0.6666666666666666,4,9
53,"Oncogene (2014) 33, 2295Ä2306",10.1371/journal.pone.0070508,2013,Multiple cases of shifted or duplicated blot panels,Carbon Ion Radiation Inhibits Glioma and Endothelial Cell Migration Induced by Secreted VEGF,"Program in Developmental Biology, Baylor College of Medicine, Houston, Texas, United States of America",19,,Biology,1.0,47,3
54,Cytokine 46 (2009) 72Ä78,10.1128/IAI.00913-08,2003,"duplicated background, pasted-in bands?",An Extracellular Subtilase Switch for Immune Priming in Arabidopsis,None,19,,,2.0,20,9
55,"Microbiol. Immunol., 48(4), 289Ä295, 2004",10.1128/IAI.06230-11,2005,Duplicated FACS panel,In vitro susceptibility to the pro-apoptotic effects of TIMP-3 gene delivery translates to greater in vivo efficacy versus gene delivery for TIMPs-1 or -2,"Department of Gastroenterology, Justus Liebig University, Giessen, Germany",15,PhD,,0.9523809523809524,3,11
56,"PLOS ONE, August 2014 | Volume 9 | Issue 8 | e105049, doi: 10.1371/journal.pone.0105049",10.1186/bcr3441,2013,"Overlapping microscopy images, multiple times","Reactive Oxygen Species-Triggered Trophoblast Apoptosis Is Initiated by Endoplasmic Reticulum Stress via Activation of Caspase-12, CHOP and the JNK Pathway in Toxoplasma gondii Infection in Mice","Department of Craniofacial Biology and the Center for Oral Health Research, Medical University of South Carolina, SC 29425, United States.",8,,,23.33333333333333,89,11
57,"Cancer Cell 25, 21Ä36, January 13, 2014",10.1371/journal.pone.0069485,2014,Duplicated blot,The deubiquitylase USP37 links REST to the control of p27 stability and cell proliferation,"Indian Veterinary Research Institute, Bangalore-560024, Karnataka, India.",7,PhD,Medicine,50.6,26,6
58,"Int. J. Cancer: 132, 2258Ä2269 (2013)",10.1016/j.cyto.2011.06.006,2012,Mirrored blot,TspanC8 tetraspanins regulate ADAM10/Kuzbanian trafficking and promote Notch activation in flies and mammals,"Department of Biochemistry and Molecular Biology, University of Texas Medical Branch, Galveston, TX 77555, USA.",5,,Biology,1.1666666666666667,5,19
59,"Infection and Immunity 73: Feb. 2003, p. 766Ä773",10.1155/2013/358945,2004,multiple cases of duplicated bands within same blot,MKP-1 regulates cytokine mRNA stability through selectively modulation subcellular translocation of AUF1,"McArdle Laboratory for Cancer Research, University of Wisconsin-Madison, Madison, WI 53706, USA.",5,,Biology,7.0,30,5
60,"PLOS One, January 2014 | Volume 9 | Issue 1 | e86342",10.1016/j.ccell.2014.09.008,1998,"Duplicated FACS plots, multiple cases","PrPST, a Soluble, Protease Resistant and Truncated PrP Form Features in the Pathogenesis of a Genetic Prion Disease","Department of Medical Research, Chi-Mei Medical Center, Tainan, Taiwan.",0,PhD,Biology,3.4285714285714284,10,7
61,"INTERNATIONAL JOURNAL OF ONCOLOGY 42: 1113-1119, 2013",10.1371/journal.pone.0092305,2014,"duplicated background, pasted-in bands?",Interplay of mevalonate and Hippo pathways regulates RHAMM transcription via YAP to modulate breast cancer cell motility,"Department of Comparative Physiology, Uppsala University, Uppsala, Sweden",11,,,1.2,9,13
62,"Environmental Microbiology (2012) 14(8), 1982Ä1994",10.1111/j.1462-2920.2008.01842.x,2014,rotated duplicated colony photo,Spreading Depression Triggers Headache by Activating Neuronal Panx1 Channels,"Department of Molecular and Human Genetics, Baylor College of Medicine, Houston, Texas, United States of America",13,,,0.8181818181818182,28,22
63,Cytokine 62 (2013) 407Ä412,10.1371/journal.pone.0068296,2013,"Reused lanes, possibly duplicated lanes",HD-GYP domain proteins regulate biofilm formation and virulence in Pseudomonas aeruginosa,"Oncology Research, Pfizer Worldwide Research and Development, San Diego, California, United States of America",11,PhD,,0.5,300,7
64,"J. Clin. Microbiol. 2005, 43(7):3512. DOI: 10.1128/JCM.43.7.3512-3515.2005",10.1016/j.cyto.2012.04.029,2005,"Overlapping microscopy images, multiple cases",Kaiso is expressed in lung cancer: Its expression and localization is affected by p120ctn,"Department of Nephrology, The First Affiliated Hospital, Sun Yat-sen University, Guangzhou 510080, Guangdong, PR China.",11,PhD,Computer Science,0.5,1,13
65,"INTERNATIONAL JOURNAL OF ONCOLOGY 42: 690-698, 2013",10.1016/j.cyto.2008.12.021,2013,"duplicated actin blot panels, exact",Anti-ribosomal-P antibodies accelerate lupus glomerulonephritis and induce lupus nephritis in nai_ve mice,"Department of Parasitology, Asahikawa Medical College, Asahikawa, Japan.",3,PhD,,1.3333333333333333,36,9
66,"Lung Cancer (2006) 53, 273Å284",10.1186/1471-2180-10-53,2013,Duplicated bands in different order,Aspirin Delimits Platelet Life Span by Proteasomal Inhibition,"Departamento de Bioquímica y Biología Molecular, Facultad de Ciencias Químicas y Farmacéuticas, Universidad de Chile, Santiago, Chile.",15,PhD,,3.25,26,6
67,"INTERNATIONAL JOURNAL OF ONCOLOGY 42: 1113-1119, 2013",10.1073/pnas.1101273108,2014,Mirrored blot,Proteasome Dysfunction Mediates High Glucose-Induced Apoptosis in Rodent Beta Cells and Human Islets,None,9,,,1.0,18,4
68,"PLOS ONE, July 2013 | Volume 8 | Issue 7 | e69485,  doi: 10.1371/journal.pone.0069485",10.1371/journal.pone.0057285,2000,"Manipulated plant images, duplication of seeds, manipulated leaves",Meningococcal Porin PorB Prevents Cellular Apoptosis in a Toll-Like Receptor 2- and NF-__B-Independent Manner__,"School of Human Science and Environment, University of Hyogo, Himeji, Japan. kitamoto@shse.u-hyogo.ac.jp",0,Doctor of Philosophy,,1.3,24,7
69,"Evidence-Based Complementary, and Alternative Medicine, Volume 2012, Article ID 378415",10.1128/IAI.68.1.72-79.2000,2009,"repetitive bands, and background in gel panel",RNA-seq Analysis of Host and Viral Gene Expression Highlights Interaction between Varicella Zoster Virus and Keratinocyte Differentiation,"Department of Laboratory Medicine, The First Affiliated Hospital of Sun Yat-sen University, Guangzhou, Guangdong, China",11,,Psychology,50.0,457,9
70,"Int. J. Cancer: 133, 247Ä252 (2013)",10.1371/journal.pntd.0002890,2014,"Duplicated blot strips, stretched",Saccharomyces boulardii Interferes with Enterohemorrhagic Escherichia coli-Induced Signaling Pathways in T84 Cells,"Nephrology Unit, Department of Medicine, Faculty of Medicine, Thammasat University (Rangsit Campus), Khlong Nueng, Khlong Luang, Pathum Thani 12121, Thailand.",17,,Biology,1.0,17,17
71,"PLOS One, March 2014 | Volume 9 | Issue 3 | e90608",10.1128/JCM.44.3.772-776.2006,2013,Manipulated FACS plots,Caffeic Acid Phenethyl Ester Inhibits Oral Cancer Cell Metastasis by Regulating Matrix Metalloproteinase-2 and the Mitogen-Activated Protein Kinase Pathway,"Thoracic Surgery, Key Laboratory of Carcinogenesis and Translational Research Ministry of Education, Peking University School of Oncology, Beijing Cancer Hospital & Institute, Beijing, China",17,,,0.6666666666666666,300,20
72,"Infection, and Immunity, Jan. 1999, p. 80Ä87 Vol. 67, No. 1",10.3892/ijo.2012.1714,2014,duplication of whole panel?,JMJD6 is a driver of cellular proliferation and motility and a marker of poor prognosis in breast cancer,"School of Life Sciences, Tsinghua University, Beijing 100084, China.",15,,,1.2,30,4
73,Cytokine 62 (2013) 407Ä412,10.1371/journal.ppat.1003114,2013,Multiple cases of reused blot strips,TGF-b/Smad3 Stimulates Stem Cell/Developmental Gene Expression and Vascular Smooth Muscle Cell De-Differentiation,"Department of Neurology, Wayne State University School of Medicine, 421 East Canfield, 2226 Elliman Building, Detroit, MI 48201, USA. skundric@cmb.biosci.wayne.edu",15,PhD,,9.833333333333334,78,13
74,"J. Clin. Microbiol. 2004, 42(3):1082",10.1186/gb-2013-14-10-r121,2013,Mirrored blot,Genetic and epigenetic alterations are involved in the regulation of TPM1 in cholangiocarcinoma,"Department of Pharmacology, School of Pharmacy, Hoshi University, 2-4-41 Ebara, Shinagawa-ku, Tokyo 142-8501, Japan.",51,,,1.7,1,13
75,"BioMed Research International Volume 2013, Article ID 358945",10.1016/j.cyto.2004.12.015,2013,Multiple cases of duplicated blot panels,Loss of the Par3 Polarity Protein Promotes Breast Tumorigenesis and Metastasis,None,5,,,26.0,39,9
76,mBio 4(3): 2013,10.1371/journal.pone.0069134,2014,"Multiple, multiple cases of duplicated lanes within blots/gels",Distinct expression of C4.4A in colorectal cancer detected by different antibodies,"Center for Microbial Interface Biology, Department of Microbial Infection and Immunity, The Ohio State University, Columbus, Ohio, United States of America",11,,Biology,184.6,4,6
77,"PLOS Genetics, January 23, 2014DOI: 10.1371",10.1128/IAI.00539-13,2003,Multiple cases of duplicated blot strips,"Magnesium Lithospermate B, an Active Extract of Salvia miltiorrhiza, Mediates sGC/cGMP/PKG Translocation in Experimental Vasospasm","Laboratory of Lung Biology, Department of Pathobiological Sciences and Center for Experimental Infectious Disease Research, Harvard Medical School, Boston, Massachusetts, USA",7,PhD,,0.7333333333333333,10,11
78,"Evidence-Based Complementary, and Alternative Medicine, Volume 2014, Article ID 640857",10.1002/ijc.28280,2013,Duplicated set of images - most likely an error,The Helicobacter pylori Urease B Subunit Binds to CD74 on Gastric Epithelial Cells and Induces NF-__B Activation and Interleukin-8 Production,"Department of Biology, Faculty of Arts and Sciences, American University of Beirut, Beirut, Lebanon.",6,,,0.5,13,4
79,"Infect. Immun. 2013, 81(9):3239. DOI: 10.1128/IAI.00552-13",10.3892/ijo.2012.1714,2014,"Duplicated bands within blot strips, multiple cases",Roles of p38 and ERK MAP kinases in IL-8 expression in TNF-a- and dexamethasone-stimulated human periodontal ligament cells,"School of Human Science and Environment, University of Hyogo, Himeji, Japan. kitamoto@shse.u-hyogo.ac.jp",11,,,5.2727272727272725,23,4
80,"Infection, and Immunity, Oct. 2001, p. 6131Ä6139 Vol. 69, No. 10",10.1128/IAI.00552-13,2005,Multiple cases of reused blot panels,Ellipticine-induced apoptosis depends on Akt translocation and signaling in lung epithelial cancer cells,"Laboratory of Tumor Biology, Angiogenesis and Nanomedicine Research, National Center for Cell Science, Pune, India.",5,BSc in Pharmacy,,45.33333333333334,30,27
81,"INTERNATIONAL JOURNAL OF ONCOLOGY 40: 1779-1788, 2012",10.1016/j.lungcan.2008.05.026,2012,Multiple cases of overlapping microscopy panels,Multidrug resistance protein MdtM adds to the repertoire of antiporters involved in alkaline pH homeostasis in Escherichia coli,"National Creative Research Initiatives Center for Nuclear Receptor Signals, Hormone Research Center, School of Biological Sciences and Technology, Chonnam National University, Gwangju, Republic of Korea",15,PhD,,0.625,1,9
82,"PLOS ONE, February 2013 | Volume 8 | Issue 2 | e57285, doi:10.1371/journal.pone.0057285",10.1371/journal.pone.0087003,2003,Duplicated blot panel within other panel,TspanC8 tetraspanins regulate ADAM10/Kuzbanian trafficking and promote Notch activation in flies and mammals,"Department of Biochemistry and Molecular Biology, Bengbu Medical College, Bengbu, Anhui, China",11,PhD,,19.571428571428573,20,12
83,"Science 321, 1357 (2008)",10.1016/j.ccr.2012.10.003,2012,Multiple cases of shifted or duplicated blot panels,Repression of microRNA-768-3p by MEK/ERK signalling contributes to enhanced mRNA translation in human melanoma,"Department of Pharmacology, National Medicines Institute, Warsaw, Poland",19,PhD,,2.6666666666666665,5,7
84,mBio 2(6):  2011,10.1371/journal.ppat.1003845,2013,Mirrored blot,Differential Effects of Collagen Prolyl 3-Hydroxylation on Skeletal Tissues,"Thoracic Surgery, Key Laboratory of Carcinogenesis and Translational Research Ministry of Education, Peking University School of Oncology, Beijing Cancer Hospital & Institute, Beijing, China",15,PhD,,17.647058823529417,1,9
85,"Int. J. Cancer: 133, 43Ä58 (2013)",10.1371/journal.pone.0094830,2014,Duplicated blot panel,Upregulation of PIAS1 protects against sodium taurocholate-induced severe acute pancreatitis associated with acute lung injury,"Mikrobiologisches Institut, Universitätsklinikum Erlangen, Erlangen, Germany.",21,,,1.5833333333333333,4,12
86,"Letters in Applied Microbiology 55, 73Ä81, 2012",10.3892/ijo.2012.1741,2013,Multiple cases of duplicated blot panels,"Adiponectin stimulates release of CCL2, -3, -4 and -5 while the surface abundance of CCR2 and -5 is simultaneously reduced in primary human monocytes","Department of Medical Oncology, Fudan University Shanghai Cancer Center, Department of Oncology, Shanghai Medical College, Fudan University, 270 Dong'an Road, Xuhui District, Shanghai, 200032, PR China; NHC Key Laboratory of Glycoconjugate Research, Department of Biochemistry and Molecular Biology, School of Basic Medical Sciences, Fudan University, 130 Dong'an Road, Xuhui District, Shanghai, 200032, PR China.",6,PhD,,0.5,4,10
87,"PLOS Genetics, July 2014 | Volume 10 | Issue 7 | e1004480",10.3892/ijo.2013.1903,2009,"Duplicated or mirrored blot panels, or lanes within blots",Proteasome Dysfunction Mediates High Glucose-Induced Apoptosis in Rodent Beta Cells and Human Islets,"CAS Key Laboratory of Pathogenic Microbiology and Immunology, Institute of Microbiology, Chinese Academy of Sciences, Beijing, China",17,,,0.625,33,8
88,Cytokine 48 (2009) 170Ä176,10.1016/j.cyto.2008.12.015,2001,"Duplicated mirrored band, stamping in background",Estrogen receptor _ inhibits estradiol-induced proliferation and migration of MCF-7 cells through regulation of mitofusin 2,"Department of Biochemistry and Molecular Biophysics, Biochemistry and Molecular and Cellular Biology Graduate Program, University of Arizona, Tucson, AZ, USA.",19,Doctor of Philosophy,Biology,16.5,20,7
89,Cytokine 35 (2006) 67Ä76,10.1073/pnas.1319190110,2012,Multiple cases of overlapping microscopy panels,miR-221 Promotes Tumorigenesis in Human Triple Negative Breast Cancer Cells,"College of Veterinary Medicine, Nanjing Agricultural University, Nanjing, China Key Lab of Animal Bacteriology, Ministry of Agriculture, Nanjing, China.",7,Ph.D.,,42.857142857142854,300,8
90,"PLOS Genetics, July 2014 | Volume 10 | Issue 7 | e1004480",10.1016/j.lungcan.2006.06.006,2013,multiple cases of duplicated bands within same blot,RNA-seq Analysis of Host and Viral Gene Expression Highlights Interaction between Varicella Zoster Virus and Keratinocyte Differentiation,"Department of Nephrology, University of California, San Francisco, San Francisco, California, United States of America",11,PhD,,0.9523809523809524,10,5
91,Lung Cancer 73 (2011) 302Ä309,10.1016/j.lungcan.2008.05.026,2006,Duplicated FACS panel,Suppression of Interferon Lambda Signaling by SOCS-1 Results in Their Excessive Production during Influenza Virus Infection,"1] Priority Research Centre for Cancer Research, University of Newcastle, Callaghan, NSW, Australia [2] School of Medicine and Public Health, University of Newcastle, Callaghan, NSW, Australia.",7,,,3.4705882352941178,11,4
92,"Infect. Immun. Mar. 2004, p. 1223Ä1229 Vol. 72, No. 3",10.1128/IAI.05798-11,2012,Overlapping microscopy images,In vitro susceptibility to the pro-apoptotic effects of TIMP-3 gene delivery translates to greater in vivo efficacy versus gene delivery for TIMPs-1 or -2,"Laboratory of Tumor Biology, Angiogenesis and Nanomedicine Research, National Center for Cell Science, Pune, India.",5,MD,,1.2727272727272727,85,9
93,"Oncogene (2014) 33, 2577Ä2588",10.1002/ijc.27863,2012,"duplicated, shifted blot panels",Mitochondrial Dysfunction Promotes Breast Cancer Cell Migration and Invasion through HIF1a Accumulation via Increased Production of Reactive Oxygen Species,"School of Dentistry, Chung Shan Medical University, Taichung 40201, Taiwan; Department of Dentistry, Chung Shan Medical University Hospital, Taichung 40201, Taiwan.",9,MD,,8.571428571428571,300,15
94,"Cancer Cell 23, 784Ä795, June 10, 2013",10.1111/j.1348-0421.2010.00241.x,2012,"Duplicated FACS panel, gated differently",Distribution of the Secondary Type III Secretion System Locus Found in Enterohemorrhagic Escherichia coli O157:H7 Isolates among Shiga Toxin-Producing E. coli Strains,"Department of Oral and Molecular Microbiology, Osaka University Graduate School of Dentistry, 1-8 Yamadaoka, Japan. okahashi@dent.osaka-u.ac.jp",3,,,100.0,300,7
95,Cytokine 37 (2007) 227Ä235,10.1128/IAI.06056-11,2014,"very similar negative microscopy images, very similar cell grouping in other image",Roles of p38 and ERK MAP kinases in IL-8 expression in TNF-a- and dexamethasone-stimulated human periodontal ligament cells,"Department of Surgery, Gastroenterological Surgery, Graduate School of Medicine, Osaka University, Suita, Osaka, Japan.",4,,,1.8571428571428568,300,14
96,"BioMed Research International, Volume 2014, Article ID 164391",10.1371/journal.pone.0099137,2013,"Overlapping microscopy, duplicated blots, multiple cases",Ellipticine-induced apoptosis depends on Akt translocation and signaling in lung epithelial cancer cells,"Department of Biology and Biochemistry and the Centre for Regenerative Medicine, University of Bath, Bath, United Kingdom",7,,,100.0,11,6
97,Cytokine 42 (2008) 222Ä233,10.1371/journal.pone.0068296,2008,"Reused lanes, possibly duplicated lanes",RNA-seq Analysis of Host and Viral Gene Expression Highlights Interaction between Varicella Zoster Virus and Keratinocyte Differentiation,"Division of Infection and Immunity, University College London, London, United Kingdom",15,,,36.0,3,9
98,"BioMed Research International, Volume 2013, Article ID 582526",10.1371/journal.pone.0093563,2008,Same band seen twice in one blot strip,"Expression of Mina53, a novel c-Myc target gene, is a favorable prognostic marker in early stage lung cancer","Department of Microbiology and Immunology, Nihon University School of Dentistry at Matsudo, 2-870-1 Sakaecho-Nishi, Matsudo, Chiba 271-8587, Japan.",11,,,5.25,300,10
99,"Evidence-Based Complementary, and Alternative Medicine, Volume 2014, Article ID 989340",10.1371/journal.pone.0099137,2014,Overlapping microscopy images,Differential chemokine expression in tubular cells in response to urinary proteins from patients with nephrotic syndrome,"Department of Biology, Faculty of Arts and Sciences, American University of Beirut, Beirut, Lebanon. sawkreyd@aub.edu.lb",13,Phd,Psychology,1.2727272727272727,39,8
100,"PLOS Pathogens, January 2013 | Volume 9 | Issue 1 | e1003114",10.3892/ijo.2012.1741,2006,"Reused blot, shifted, other protein",A Comparative Study for the Evaluation of Two Doses of Ellagic Acid on Hepatic Drug Metabolizing and Antioxidant Enzymes in the Rat,"Department of Applied Veterinary Science, Research Center for Animal Hygiene and Food Safety, Obihiro University of Agriculture and Veterinary Medicine, Hokkaido Institute of Public Health, Hokkaido, Japan. smakino@obihiro.ac.jp",15,,,3.4,100,4
101,"PLOS ONE, May 2013 | Volume 8 | Issue 5 | e63581",10.1186/bcr3441,2012,Duplicated lanes with blot panel,Carbon Ion Radiation Inhibits Glioma and Endothelial Cell Migration Induced by Secreted VEGF,"Department of Oncology, Johns Hopkins University School of Medicine and the Sidney Kimmel Comprehensive Cancer Center at Johns Hopkins, Baltimore MD 21231, USA.",16,,,1.1111111111111112,137,2
102,"PLOS ONE, July 2013 | Volume 8 | Issue 7 | e68296, doi:10.1371/journal.pone.0068296",10.1016/j.cyto.2008.12.013,2012,Overlapping microscopy images,JMJD6 is a driver of cellular proliferation and motility and a marker of poor prognosis in breast cancer,"1] Institute of Bioinformatics and Biosignal Transduction, College of Bioscience and Biotechnology, National Cheng-Kung University, Tainan, Taiwan [2] Center for Infection Disease and Signal Transduction, National Cheng-Kung University, Tainan, Taiwan.",13,,,2.6,30,7
103,Cytokine 60 (2012) 718Ä730,10.1073/pnas.1319190110,2013,Duplicated blot strips,CXCR1 and CXCR2 are novel mechano-sensors mediating laminar shear stress-induced endothelial cell migration,"Divisiont of Urology, Kobe University Graduate School of Medicine, Japan. hara@med.kobe-u.ac.jp",17,,,4.814814814814816,1,10
104,Cytokine 26 (2004) 1-8,10.3892/ijo.2012.1741,2014,Same band seen twice in one blot strip,Pseudomonas aeruginosa Outer Membrane Vesicles Modulate Host Immune Responses by Targeting the Toll-Like Receptor 4 Signaling Pathway,"Department of Oral Biology and Pathology, School of Dental Medicine, Stony Brook University, Stony Brook, New York, United States of America",11,PhD,Biology,50.6,15,17
105,"PLOS One, March 2014 | Volume 9 | Issue 3 | e90608",10.1371/journal.pone.0062170,2013,"Duplicated, and shifted GAPDH gel panel",A novel function for p21Cip1 and acetyltransferase p/CAF as critical transcriptional regulators of TGFb-mediated breast cancer cell migration and invasion,"The Zabludowicz Center for Autoimmune Diseases, Sheba Medical Center, Affiliated to Sackler Faculty of Medicine, Tel-Aviv University, Israel.",5,,,4.4,144,9
106,"Oncogene (2015) 34, 826Ä837",10.1038/onc.2012.182,2005,"Multiple cases of duplicated blots, stretched",The deubiquitylase USP37 links REST to the control of p27 stability and cell proliferation,"Department of Surgery, Gastroenterological Surgery, Graduate School of Medicine, Osaka University, Suita, Osaka, Japan.",9,PhD,Biology,1.5,35,11
107,"PLOS ONE, July 2013 | Volume 8 | Issue 7 | e69134, doi:10.1371/journal.pone.0069134",10.1155/2011/507920,2013,"Identical microscopy panels, might be error",Ellipticine-induced apoptosis depends on Akt translocation and signaling in lung epithelial cancer cells,"Department of Biology, University of North Carolina at Charlotte, Charlotte, North Carolina 28223, USA. lwschrum@email.uncc.edu",8,,Biology,0.8333333333333334,24,6
108,"BioMed Research International, Volume 2014, Article ID 272101",10.1016/j.lungcan.2011.01.012,2014,Duplicated microscopy panels,Physical characterisation of Tenacibaculum maritimum for vaccine development,"Department of Parasitology, Asahikawa Medical College, Asahikawa, Japan.",4,,,0.75,50,4
109,"PLoS ONE 9(6): e99137, June 11, 2014. doi:10.1371/journal.pone.0099137",10.1128/IAI.68.1.72-79.2000,2008,"duplicated blot, shifted microscopy",A Comparative Study for the Evaluation of Two Doses of Ellagic Acid on Hepatic Drug Metabolizing and Antioxidant Enzymes in the Rat,"Center for Microbial Interface Biology, Department of Microbial Infection and Immunity, The Ohio State University, Columbus, Ohio, United States of America",7,,,60.0,8,11
110,Cytokine 30 (2005) 328-338,10.3892/ijo.2013.1809,2010,Overlapping microscopy images,Dose-Dependent Effect of Estrogen Suppresses the Osteo-Adipogenic Transdifferentiation of Osteoblasts via Canonical Wnt Signaling Pathway,"National Institute of Biomedical Genomics, 2nd Floor Netaji Subash Sanatorium, Kalyani 741251, India.",11,,,24.88888888888889,78,13
111,"Genome Biology 2013, 14:R121",10.1073/pnas.1310331110,2012,Overlapping microscopy images,Differential chemokine expression in tubular cells in response to urinary proteins from patients with nephrotic syndrome,"Department of Immunology, Medical College of Chinese People's Armed Police Forces, Tianjin, People's Republic of China. wy68wy68@yahoo.com.cn",15,,,5.0,76,7
112,Cytokine 44 (2008) 33Ä43,10.1083/jcb.201201133,2005,Duplicated blot strips,Differential chemokine expression in tubular cells in response to urinary proteins from patients with nephrotic syndrome,"Department of Biology, Faculty of Arts and Sciences, American University of Beirut, Beirut, Lebanon. sawkreyd@aub.edu.lb",13,,Computer Science,42.857142857142854,39,18
113,"PLOS One, February 2014 | Volume 9 | Issue 2 | e90318",PMID: 9864199,2013,"duplicated, shifted, rotated blot strips/lanes","Ovarian cancer cells, not normal cells, are damaged by Mirk/Dyrk1B kinase inhibition","Department of Biology and Biochemistry and the Centre for Regenerative Medicine, University of Bath, Bath, United Kingdom",9,Ph.D.,,5.0,11,7
114,"PLOS One, April 2014 | Volume 9 | Issue 4 | e93563",10.1128/IAI.00156-09,2011,"duplicated lanes within same blot, or in different blots, duplicated microscopy panel",Curcumin Modulates the Inflammatory Response and Inhibits Subsequent Fibrosis in a Mouse Model of Viral- induced Acute Respiratory Distress Syndrome,"Department of Biochemistry and Molecular Biology, Wright State University School of Medicine, Dayton, Ohio 45435, USA. bwilson@wright.edu",4,,,1.5833333333333333,8,5
115,"Int. J. Cancer: 133, 247Ä252 (2013)",10.1016/j.cyto.2008.01.001,2005,duplicated colony strip,S137 Phosphorylation of Profilin 1 Is an Important Signaling Event in Breast Cancer Progression,"National Institute of Biomedical Genomics, 2nd Floor Netaji Subash Sanatorium, Kalyani 741251, India.",6,DVM,,1.7,70,13
116,"Nature, Vol. 454, 24 July 2008, page 528",10.1371/journal.pone.0092189,2012,Duplicated lanes within same blot,RAS promotes tumorigenesis through genomic instability induced by imbalanced expression of Aurora-A and BRCA2 in midbody during cytokinesis,"Institute of Pharmacology, Toxicology and Pharmacy, Ludwig-Maximilians-University, Munich, Germany",7,,,10.344827586206897,4,29
117,"Evidence-Based Complementary, and Alternative Medicine, Volume 2013, Article ID 594906",10.1128/IAI.00156-09,2012,duplicated/mirrored blot panels (negative blots),"Mannheimia haemolytica Leukotoxin Activates a Nonreceptor Tyrosine Kinase Signaling Cascade in Bovine Leukocytes, Which Induces Biological Effects","Advanced Laboratory for Plant Genetic Engineering, Advanced Technology Development Centre, Indian Institute of Technology Kharagpur, Kharagpur, India",11,,Medicine,1.2142857142857142,20,10
118,"Breast Cancer Research 2012, 14:R85",10.1016/j.cyto.2008.02.005,2013,"repetitive bands, and background in gel panel",Ectopic Expression of a Maize Hybrid Down-Regulated Gene ZmARF25 Decreases Organ Size by Affecting Cellular Proliferation in Arabidopsis,"Department of Veterinary Biosciences, College of Veterinary Medicine, The Ohio State University, Columbus 43210-1093, USA.",11,,,60.0,130,7
119,"PLOS Pathogens 2014, April 2014 | Volume 10 | Issue 4 | e1004059, doi:10.1371/journal.ppat.1004059",10.1128/IAI.01192-08,2014,Rotated western blot,Interleukin-1 b inhibits NaC-KCATPase activity and protein expression in cardiac myocytes,"Department of Radiation Oncology, Nanfang Hospital, Southern Medical University, Guangzhou, Guangdong Province, People's Republic of China.",7,,,0.8,224,8
120,"Breast Cancer Research 2012, 14:R35",10.1186/bcr3128,2013,Multiple cases of reused blot strips,Signaling pathway underlying the up-regulatory effect of TNF-a on the Na+/K+ ATPase in HepG2 cells,"Department of Medical Research, Chi-Mei Medical Center, Tainan, Taiwan.",17,,,1.7,19,18
121,Cytokine 60 (2012) 718Ä730,10.1016/j.cyto.2008.12.021,2004,bands in gel appear to be spliced in,Protein Kinase LegK2 Is a Type IV Secretion System Effector Involved in Endoplasmic Reticulum Recruitment and Intracellular Replication of Legionella pneumophila__,"Center for Microbial Interface Biology, Department of Microbial Infection and Immunity, The Ohio State University, Columbus, Ohio, United States of America",9,,Psychology,2.176470588235294,300,6
122,Cytokine 56 (2011) 245Ä255,10.1002/ijc.28032,2014,Duplicated blot panel,Infection by Streptococcus pyogenes Induces the Receptor Activator of NF-__B Ligand Expression in Mouse Osteoblastic Cells,"The Biodesign Institute, Center for Infectious Diseases and Vaccinology, Arizona State University, Tempe, Arizona, USA. jasantanderm@asu.edu",11,,,3.8571428571428568,4,14
123,"Infection, and Immunity, Mar. 2005, p. 1754Ä1763 Vol. 73, No. 3",10.3892/ijo.2013.1761,2013,duplication of whole blot?,Caveolin-1 is a novel regulator of K-RAS-dependent migration in colon carcinogenesis,"Department of Applied Veterinary Science, Research Center for Animal Hygiene and Food Safety, Obihiro University of Agriculture and Veterinary Medicine, Hokkaido Institute of Public Health, Hokkaido, Japan. smakino@obihiro.ac.jp",19,PhD,,6.909090909090909,136,1
124,"PLOS One, April 2014 | Volume 9 | Issue 4 | e93563",10.1155/2014/936978,2009,"duplicated, and mirrored blots",LPS Unmasking of Shigella flexneri Reveals Preferential Localisation of Tagged Outer Membrane Protease IcsP to Septa and New Poles,"Department of Surgery, University of Wisconsin Hospital and Clinics, Madison, Wisconsin, United States of America",13,PhD,,0.5,26,16
125,Cytokine 60 (2012) 360Ä368,10.1111/j.1462-2920.2008.01842.x,2013,Mirrored blot,Frequent methylation and oncogenic role of microRNA-34b/c in small-cell lung cancer,None,17,DVM,,2.5,1,6
126,Cytokine 62 (2013) 407Ä412,10.1016/j.cyto.2011.08.017,2014,Mirrored blot,Caffeic Acid Phenethyl Ester Inhibits Oral Cancer Cell Metastasis by Regulating Matrix Metalloproteinase-2 and the Mitogen-Activated Protein Kinase Pathway,"School of Life Sciences, Tsinghua University, Beijing 100084, China.",4,,,0.42857142857142855,6,18
127,mBio 2(6):  2011,10.1016/j.jaut.2007.02.007,2013,Manipulated FACS plots,A Comparative Study for the Evaluation of Two Doses of Ellagic Acid on Hepatic Drug Metabolizing and Antioxidant Enzymes in the Rat,"CAS Key Laboratory of Pathogenic Microbiology and Immunology, Institute of Microbiology, Chinese Academy of Sciences, Beijing, China",9,,,0.6,300,18
128,"Environmental Microbiology (2009) 11(5), 1126Ä1136",10.1155/2013/594906,2011,"duplicated actin blot panels, exact",Low-Level Laser Stimulation on Adipose-Tissue-Derived Stem Cell Treatments for Focal Cerebral Ischemia in Rats,"1] Institute of Bioinformatics and Biosignal Transduction, College of Bioscience and Biotechnology, National Cheng-Kung University, Tainan, Taiwan [2] Center for Infection Disease and Signal Transduction, National Cheng-Kung University, Tainan, Taiwan.",9,PhD,,3.4285714285714284,9,17
129,"Infection and Immunity 73: Feb. 2003, p. 766Ä773",10.1016/j.lungcan.2008.05.026,2014,"duplicated, shifted blot panels","c-Secretase inhibitor I induces apoptosis in chronic lymphocytic leukemia cells by proteasome inhibition, endoplasmic reticulum stress increase and Notch down-regulation","Department of Human Anatomy and Histology, University of Bari, Piazza Giulio Cesare 1, Policlinico, I-70124 Bari, Italy. m.sisto@anatomia.uniba.it",15,PhD,,1.7,63,2
130,Cytokine 48 (2009) 170Ä176,10.1371/journal.pbio.1001847,2013,"Duplicated/stretched images of a leaf, duplicated gel panels",Shox2 is a molecular determinant of depot-specific adipocyte function,"University of Glasgow School of Medicine, Institute of Medical Genetics, Yorkhill Hospital, Glasgow, United Kingdom",15,PhD,,3.25,41,9
131,"PLOS ONE, January 2014 | Volume 9 | Issue 1 | e84982",10.1155/2013/467245,2013,reuse of 2 bands multiple times to create blot panel,Poison Domains Block Transit of Translocated Substrates via the Legionella pneumophila Icm/Dot System,"Department of Cancer Biology, Dana-Farber Cancer Institute, Boston, Massachusetts 02115, USA.",15,PhD in Molecular Biophysics,Biology,10.875,6,17
132,"Int. J. Cancer: 133, 275Ä286 (2013)",10.1016/j.cyto.2013.04.009,2013,Duplicated microscopy panels,D14ÄSCFD3-dependent degradation of D53 regulates strigolactone signalling,"National Human Genome Research Institute, National Institutes of Health, Bethesda, Maryland, United States of America",7,Doctor of Philosophy,Education,1.5714285714285714,40,12
133,Cytokine 44 (2008) 221Ä228,10.1016/j.cyto.2010.09.007,2011,Duplicated blot panel,Cell Atavistic Transition: Paired Box 2 Re-Expression Occurs in Mature Tubular Epithelial Cells during Acute Kidney Injury and Is Regulated by Angiotensin II,"Servicio de Microbiología, Hospital Son Dureta and Instituto Universitario de Investigación en Ciencias de la Salud, Palma de Mallorca, Spain.",4,,,21.66666666666667,6,8
134,"Infect. Immun. 2012, 80(7):2558",10.1016/j.cyto.2006.07.009,2012,,Repression of microRNA-768-3p by MEK/ERK signalling contributes to enhanced mRNA translation in human melanoma,"Department of Biochemistry and Molecular Biology, School of Medicine and Health Sciences, University of North Dakota, Grand Forks, North Dakota, USA",11,,,1.0,2,5
135,"Evidence-Based Complementary, and Alternative Medicine, Volume 2013, Article ID 467245",10.1126/science.1156725,2012,,Distinct Roles of Pattern Recognition Receptors CD14 and Toll-Like Receptor 4 in Acute Lung Injury,"Oncology Research, Pfizer Worldwide Research and Development, San Diego, California, United States of America",13,Doctor of Philosophy,Biology,2.5,25,4
136,Cytokine 26 (2004) 1-8,10.1038/nature10539,2008,"Duplicated panel, different exposure?",Nasal Immunization with a Fusion Protein Consisting of the Hemagglutinin A Antigenic Region and the Maltose-Binding Protein Elicits CD11c__ CD8__ Dendritic Cells for Induced Long-Term Protective Immunity__,"Crete Veterinary Clinic, Nebraska 68333-0008, USA.",7,,Education,1.5833333333333333,70,14
137,"J. Clin. Microbiol. 2009, 47(6):1712. DOI: 10.1128/JCM.00001-09",10.1371/journal.pone.0071127,2014,"Duplicated panel, different exposure?",Genotyping and Phenotyping of Beta2-Toxigenic Clostridium perfringens Fecal Isolates Associated with Gastrointestinal Diseases in Piglets,"Department of Radiation Oncology, Nanfang Hospital, Southern Medical University, Guangzhou, Guangdong Province, People's Republic of China.",7,,,5.0,76,7
138,"PLOS ONE, January 2014 | Volume 9 | Issue 1 | e84982",10.1155/2013/594906,2010,"duplicated blots, different exposure?",TGF-b/Smad3 Stimulates Stem Cell/Developmental Gene Expression and Vascular Smooth Muscle Cell De-Differentiation,None,19,DVM,,0.3333333333333333,300,16
139,Cytokine 26 (2004) 1-8,10.1371/journal.pgen.1003361,2012,Mirrored blot panels representing different proteins,Proteasome Dysfunction Mediates High Glucose-Induced Apoptosis in Rodent Beta Cells and Human Islets,"Department of Veterinary Biosciences, College of Veterinary Medicine, The Ohio State University, Columbus 43210-1093, USA.",17,PhD,Chemistry,1.5714285714285714,923,3
140,"PLOS Pathogens, June 2013 | Volume 9 | Issue 6 | e1003445",10.1083/jcb.201201133,2010,Duplicated microscopy panels,HIV-1 Tat Protein Increases Microglial Outward K+ Current and Resultant Neurotoxic Activity,"a Institut für Pathologie , Universitätsmedizin Greifswald , Greifswald , Germany.",21,,,2.9375,89,23
141,"Cancer Cell 23, 489Ä501, April 15, 2013",10.1038/onc.2014.22,2005,"Duplicated, and shifted western blot panels","Drosophila Mgr, a Prefoldin subunit cooperating with von Hippel Lindau to regulate tubulin stability","Case Western Reserve University, Center for Global Health and Diseases, Cleveland, Ohio, USA",11,,Biology,1.5384615384615383,4,8
142,Journal of Autoimmunity 54 (2014) 118-126,10.1128/JCM.43.8.4002-4009.2005,2013,"Overlapping microscopy, duplicated bands within blots",Epsilon-Toxin Production by Clostridium perfringens Type D Strain CN3718 Is Dependent upon the agr Operon but Not the VirS/VirR Two-Component Regulatory System,"Divisiont of Urology, Kobe University Graduate School of Medicine, Japan. hara@med.kobe-u.ac.jp",11,DVM,,0.8181818181818182,9,10
143,"PNAS | April 10, 2012 | vol. 109 | no. 15 | 5729Ä5734",10.1371/journal.ppat.1003896,2014,duplicated microscopy panel; might be error,"STIM1, a direct target of microRNA-185, promotes tumor metastasis and is associated with poor prognosis in colorectal cancer","Department of Nephrology, The First Affiliated Hospital, Sun Yat-sen University, Guangzhou 510080, Guangdong, PR China.",19,,,1.25,11,41
144,"PLOS One, April 2014 | Volume 9 | Issue 4 | e94830",10.1016/j.cyto.2008.12.015,2005,Manipulated FACS plots,Role of MyD88 in Diminished Tumor Necrosis Factor Alpha Production by Newborn Mononuclear Cells in Response to Lipopolysaccharide,"Department of Biologic and Materials Sciences, University of Michigan School of Dentistry, University of Michigan School of Medicine, Ann Arbor, Michigan, USA.",13,,Biology,1.5384615384615383,49,11
145,"PLOS ONE, July 2013 | Volume 8 | Issue 7 | e69485,  doi: 10.1371/journal.pone.0069485",10.1371/journal.pone.0094472,2013,Mirrored blot,Genetic and epigenetic alterations are involved in the regulation of TPM1 in cholangiocarcinoma,"School of Life Sciences, Tsinghua University, Beijing 100084, China.",15,,,1.0909090909090908,59,13
146,"Environmental Microbiology (2012) 14(10), 2788Ä2799",10.1186/1471-2180-10-53,2010,duplicated microscopy panels,Mitochondrial Dysfunction Promotes Breast Cancer Cell Migration and Invasion through HIF1a Accumulation via Increased Production of Reactive Oxygen Species,"Departamento de Infectómica y Patogénesis Molecular, Centro de Investigación y de Estudios Avanzados del IPN (CINVESTAV-IPN), 07360 México, DF, Mexico.",11,,Biology,2.0526315789473686,28,8
147,"Letters in Applied Microbiology 55, 73Ä81, 2012",10.1371/journal.pone.0093995,2014,Duplicated lanes within same blot,Invasiveness and anchorage independent growth ability augmented by PTEN inactivation through the PI3K/AKT/NFkB pathway in lung cancer cells,"McArdle Laboratory for Cancer Research, University of Wisconsin-Madison, Madison, WI 53706, USA.",7,,Biology,0.6666666666666666,20,17
148,Cytokine 53 (2011) 42Ä51,10.1016/j.cyto.2013.04.009,2014,"duplicated blot strips, slightly shifted",The Retromer Complex Is Required for Rhodopsin Recycling and Its Loss Leads to Photoreceptor Degeneration,"Department of Hematology and Oncology, The First Hospital, Jilin University, 71 Xinmin Street, Changchun 130021, China.",7,DVM,Political Science,30.0,5,4
149,Cytokine 53 (2011) 42Ä51,10.1371/journal.pone.0093563,2010,Duplicated shifted blot panel,Differential Effects of Collagen Prolyl 3-Hydroxylation on Skeletal Tissues,"Departments of Molecular Biology, The Scripps Research Institute, La Jolla, CA 92037, USA.",7,,,0.4,25,4
150,"Breast Cancer Research 2013, 15:R49",10.1016/j.cyto.2005.12.007,2012,two similar looking western blot strips,"Drosophila Mgr, a Prefoldin subunit cooperating with von Hippel Lindau to regulate tubulin stability","School of Medical Sciences, University of Aberdeen, Institute of Medical Sciences, Foresterhill, Aberdeen, United Kingdom.",8,,,0.7333333333333333,7,5
151,"Science 339, 1092 (2013)",10.1186/1471-2180-13-113,2012,Duplicated microscopy panels,Promoter methylation of RASSF1A modulates the effect of the microtubule-targeting agent docetaxel in breast cancer,"School of Pharmacy, China Medical University, 91 Hsueh-Shih Road, Taichung 404, Taiwan.",19,,,3.7777777777777777,300,7
152,"Nature, 2011 Oct 19;480(7375):94-8",10.1016/j.ccell.2014.09.008,2014,duplicated microscopoy images,Upregulation of PIAS1 protects against sodium taurocholate-induced severe acute pancreatitis associated with acute lung injury,"Medical Biology Department, School of Medicine, Pamukkale University, Kinikli, Denizli, Turkey. hakanakca@yahoo.com",11,,,5.8,1,19
153,Lung Cancer 73 (2011) 302Ä309,10.1073/pnas.1211179110,2014,"Multiple, multiple cases of duplicated lanes within blots/gels",Mutation of the Diamond-Blackfan Anemia Gene Rps7 in Mouse Results in Morphological and Neuroanatomical Phenotypes,"Institute of Medicine, Chung Shan Medical University, No. 110, Section 1, Jianguo N. Road, Taichung 402, Taiwan.",5,,,0.42857142857142855,20,17
154,"PNAS | January22,2013 | vol.110 | no.4 | 1441",10.1073/pnas.1101273108,2013,"duplicated gel panels, exact duplicate","PrPST, a Soluble, Protease Resistant and Truncated PrP Form Features in the Pathogenesis of a Genetic Prion Disease","Department of Oncology, Faculty of Medicine, McGill University, Lady Davis Institute-Segal Cancer Center from the Jewish General Hospital, Montreal, Quebec, Canada.",13,,,3.333333333333333,9,12
155,"Infection, and Immunity, Mar. 2005, p. 1754Ä1763 Vol. 73, No. 3",10.1371/journal.ppat.1003981,2013,Duplicated blot panel,Mitogen and Stress Activated Kinases Act Co-operatively with CREB during the Induction of Human Cytomegalovirus Immediate-Early Gene Expression from Latency,"Department of Genetics, Washington University School of Medicine, St. Louis, Missouri, United States of America",31,PhD in Molecular Biophysics,Biology,75.0,10,5
156,"Evidence-Based Complementary, and Alternative Medicine, Volume 2012, Article ID 732578",10.1002/ijc.27917,2014,"repetitive bands, and background in gel panel",__-Actinin TvACTN3 of Trichomonas vaginalis Is an RNA-Binding Protein That Could Participate in Its Posttranscriptional Iron Regulatory Mechanism,"Faculty of Pharmacy, Universiti Teknologi MARA, Puncak Alam Campus, 42300 Bandar Puncak Alam, Selangor, Malaysia.",31,MD,,0.6666666666666666,18,5
157,"Infection and Immunity 73: Feb. 2003, p. 766Ä773",10.1371/journal.pone.0084982,2014,Multiple cases of duplicated blots,Carbon Ion Radiation Inhibits Glioma and Endothelial Cell Migration Induced by Secreted VEGF,"The Johns Hopkins Oncology Center, Program in Human Genetics, The Johns Hopkins University School of Medicine, Baltimore, Maryland 21231, USA.",23,PhD in Microbiology,,15.875,12,7
158,"Nature, 2011 Oct 19;480(7375):94-8",10.1186/1471-2180-10-53,2013,Mirrored blot,X-Box Binding Protein 1 (XBP1s) Is a Critical Determinant of Pseudomonas aeruginosa Homoserine Lactone-Mediated Apoptosis,"Department of Biology, Faculty of Arts and Sciences, American University of Beirut, Beirut, Lebanon.",11,,,3.25,127,38
159,Cytokine 33 (2006) 138e144,10.1016/j.cyto.2010.09.007,1998,"Duplicated panel, different exposure?",Meningococcal Porin PorB Prevents Cellular Apoptosis in a Toll-Like Receptor 2- and NF-__B-Independent Manner__,"Department of Genetic Engineering, College of Natural Science and Engineering, Cheongju University, Chungbuk 360-764, Republic of Korea. parkks@cju.ac.kr",9,,,8.5,19,14
160,"Environmental Microbiology (2012) 14(10), 2788Ä2799",10.1002/ijc.27917,2013,Multiple cases of shifted or duplicated blot panels,Expression of bovine (Bos indicus) interleukin-18 in Escherichia coli and its biological activity,"Department of Cytokinetics, Institute of Biophysics, Academy of Sciences of the Czech Republic, v.v.i., Královopolská 135, CZ-612 65 Brno, Czech Republic.",7,MD,,50.6,6,12
161,"Breast Cancer Research 2013, 15:R49",10.1186/bcr3128,2013,Duplicated blot,Renal Overexpression of Atrial Natriuretic Peptide and Hypoxia Inducible Factor-1__ as Adaptive Response to a High Salt Diet,"Laboratory of Veterinary Internal Medicine, Department of Veterinary Medicine, College of Veterinary Medicine and Research Institute of Veterinary Medicine, Chungbuk National University, Cheongju, Chungbuk 361-763, Republic of Korea.",21,PhD,Psychology,4.125,13,18
162,Cytokine 62 (2013) 407Ä412,10.1371/journal.pone.0095434,2011,Duplicated blot panel,Effects of ethanol on monosodium urate crystal-induced inflammation,"Faculty of Pharmacy, Universiti Teknologi MARA, Puncak Alam Campus, 42300 Bandar Puncak Alam, Selangor, Malaysia.",17,,,1.5,3,7
163,Lung Cancer 63 (2009) 227Ä234,10.1371/journal.pone.0090318,2005,"Duplicated, and shifted western blot panels",TspanC8 tetraspanins regulate ADAM10/Kuzbanian trafficking and promote Notch activation in flies and mammals,None,5,PhD,,1.0909090909090908,136,5
164,"PLOS ONE, July 2013 | Volume 8 | Issue 7 | e69134, doi:10.1371/journal.pone.0069134",10.1002/ijc.27863,2014,Duplicated lanes within different panels - but representing same conditions,Characterization of a Large Outbreak by CTX-M-1-Producing Klebsiella pneumoniae and Mechanisms Leading to In Vivo Carbapenem Resistance Development,"School of Dentistry, Chung Shan Medical University, Taichung 40201, Taiwan; Department of Dentistry, Chung Shan Medical University Hospital, Taichung 40201, Taiwan.",13,,,2.0,300,10
165,"PNAS _ April 17, 2012 _ vol. 109 _ no. 16, 6036Ä6041",10.1073/pnas.1101273108,2010,Duplicated western blots,Renal Overexpression of Atrial Natriuretic Peptide and Hypoxia Inducible Factor-1__ as Adaptive Response to a High Salt Diet,"Department of Tropical Medicine, Tulane University, School of Public Health and Tropical Medicine, New Orleans, Louisiana, USA.",11,,Biology,0.875,6,7
166,"INTERNATIONAL JOURNAL OF ONCOLOGY 42: 1263-1270, 2013",10.3892/ijo.2012.1617,2005,Duplicated set of lanes within the same panel,Yangjing Capsule Extract Promotes Proliferation of GC-1 Spg Cells,"Department of Orthopedic Surgery, Xinhua Hospital, Shanghai Jiaotong University School of Medicine, Shanghai 200092, China.",15,Dr. rer. nat.,,1.0,6,19
167,"PLoS ONE 9(6): e99137, June 11, 2014. doi:10.1371/journal.pone.0099137",10.1371/journal.pone.0069592,2014,"Duplication, stretching, what not, the lot",DUSP1 Is a Novel Target for Enhancing Pancreatic Cancer Cell Sensitivity to Gemcitabine,"Institute of Orthopedic Surgery, Xijing Hospital, Fourth Military Medical University, Xi’an, People’s Republic of China",3,,,3.888888888888889,4,11
168,"Breast Cancer Research 2012, 14:R86",10.1016/j.jaut.2014.02.013,2013,"repetitive bands, and background in gel panel",Kaiso is expressed in lung cancer: Its expression and localization is affected by p120ctn,"Department of Minimally Invasive Surgery, The First Affiliated Hospital of Nanjing Medical University, Nanjing 210029, P.R. China.",11,PhD,,100.0,9,18
169,"J. Clin. Microbiol. 2003, 41(6):2341",10.1016/j.cyto.2009.07.004,2011,"Multiple, multiple cases of duplicated lanes within blots/gels",Nasal Immunization with a Fusion Protein Consisting of the Hemagglutinin A Antigenic Region and the Maltose-Binding Protein Elicits CD11c__ CD8__ Dendritic Cells for Induced Long-Term Protective Immunity__,"Department of Developmental, Molecular and Chemical Biology, Tufts University School of Medicine, Boston, Massachusetts, United States of America",17,,,30.0,300,8
170,"PNAS | January22,2013 | vol.110 | no.4 | 1441",10.1038/nature07034,2004,duplicated/reused actin blot panels,Cisplatin in combination with zoledronic acid: A synergistic effect in triple-negative breast cancer cell lines,"Department of Microbiology, BIOMERIT Research Centre, BioSciences Institute, National University of Ireland, Cork, Ireland.",19,,Computer Science,0.625,10,11
171,"PLOS ONE, July 2013 | Volume 8 | Issue 7 | e70508, doi:10.1371/journal.pone.0070508",10.1155/2011/507920,2012,Multiple cases of overlapping microscopy panels,Low-Level Laser Stimulation on Adipose-Tissue-Derived Stem Cell Treatments for Focal Cerebral Ischemia in Rats,"Department of Developmental, Molecular and Chemical Biology, Tufts University School of Medicine, Boston, Massachusetts, United States of America",17,PhD,,2.9375,3,17
172,"Infection, and Immunity, Mar. 2005, p. 1754Ä1763 Vol. 73, No. 3",10.1016/j.cyto.2011.06.005,2013,Shifted actin blot panels,Antirecoverin autoantibodies in the patient with non-small cell lung cancer but without cancer-associated retinopathy,"Department of Neurology, The Agnes Ginges Center for Human Neurogenetics, Hadassah University Hospital, Jerusalem, Israel",3,,,1.1111111111111112,28,19
173,"Infect. Immun. 2012, 80(3):1193",10.1128/JCM.41.8.3584-3591.2003,2009,Rotated microscopy images,Interplay of mevalonate and Hippo pathways regulates RHAMM transcription via YAP to modulate breast cancer cell motility,"Departments of Medicine, Biochemistry and Molecular Biology, Indiana University School of Medicine, The Melvin and Bren Simon Cancer Center and the Center for Pancreatic Cancer Research, Indianapolis, Indiana, United States of America",23,Phd,,0.6666666666666666,35,4
174,"INTERNATIONAL JOURNAL OF ONCOLOGY 42: 1113-1119, 2013",10.1016/j.cyto.2014.07.249,2008,Duplicated microscopy images,JMJD6 is a driver of cellular proliferation and motility and a marker of poor prognosis in breast cancer,"Mikrobiologisches Institut, Universitätsklinikum Erlangen, Erlangen, Germany.",19,,,4.4,6,10
175,"Int. J. Cancer: 133, 2726Ä2736 (2013)",10.1371/journal.pone.0096343,2012,Overlapping microscopy images,Introduction of 65 kDa Antigen of Mycobacterium tuberculosis to Cancer Cells Enhances Anti-Tumor Effect of BCG Therapy,"Department of Oral and Maxillofacial Surgery, Hyogo College of Medicine, Nishinomiya, Hyogo 663-8501, Japan.",5,DVM,,10.875,300,10
176,"PLOS ONE, May 2013 | Volume 8 | Issue 5 | e64904, doi:10.1371/journal.pone.0064904",10.1155/2012/732578,2013,Duplicated microscopy panels,Multidrug resistance protein MdtM adds to the repertoire of antiporters involved in alkaline pH homeostasis in Escherichia coli,"Department of Medicine, United Christian Hospital, The University of Hong Kong, Hong Kong.",13,PhD,,2.5,49,14
177,"Lung Cancer (2003) 41, 363__/367",10.1155/2014/640857,2014,"Rotated microscopy image, authors replied on PP",Ubiquitin-conjugating enzyme complex Uev1A-Ubc13 promotes breast cancer metastasis through nuclear factor-_B mediated matrix metalloproteinase-1 gene regulation,"Department of Medicine, Addenbrooke's Hospital, University of Cambridge, Cambridge, United Kingdom",8,,,2.0,171,10
178,"Lung Cancer (2006) 53, 263Å271",10.3892/ijo.2013.1761,2005,Shifted actin blot panels,"c-Secretase inhibitor I induces apoptosis in chronic lymphocytic leukemia cells by proteasome inhibition, endoplasmic reticulum stress increase and Notch down-regulation","Bellvitge Biomedical Research Institute (IDIBELL), Barcelona, Spain",13,,,1.7857142857142858,17,19
179,"Microbiol. Immunol., 49(3), 219Ä225, 2005",10.1016/j.cyto.2008.12.021,2014,Overlapping microscopy images,Cisplatin in combination with zoledronic acid: A synergistic effect in triple-negative breast cancer cell lines,"Experimental and Clinical Research Center (ECRC), Charité-Universitätsmedizin Berlin, Max Delbrück Center (MDC) for Molecular Medicine in the Helmholtz Association, Berlin, Germany.",13,,,21.375,300,6
180,"PLOS Genetics, July 2014 | Volume 10 | Issue 7 | e1004480",10.1126/science.1176709,2014,"Duplicated microscopy, possible duplicated lanes in same blot","Drosophila Mgr, a Prefoldin subunit cooperating with von Hippel Lindau to regulate tubulin stability","CENAR and Department of Molecular Medicine, Faculty of Medicine, University of Malaya, Kuala Lumpur, Malaysia",13,PhD,,1.8571428571428568,20,5
181,Cytokine 30 (2005) 319-327,10.1128/IAI.74.2.1148-1155.2006,2013,,Katanin Localization Requires Triplet Microtubules in Chlamydomonas reinhardtii,None,15,,Biology,60.0,11,13
182,"PLOS One, April 2014 | Volume 9 | Issue 4 | e93995",10.1038/nature07091,2009,"duplicated blots, shifted, band duplicated within same panel","Association and Evidence for Linked Recognition of Type IV Secretion System Proteins VirB9-1, VirB9-2 and VirB10 in Anaplasma marginale",None,15,PhD,,2.0,52,11
183,Cytokine 49 (2010) 312Ä318,10.1016/j.ccell.2014.09.008,2013,Duplicated 0h microscopy images,Regulation of MYC Expression and Differential JQ1 Sensitivity in Cancer Cells,"Department of Minimally Invasive Surgery, The First Affiliated Hospital of Nanjing Medical University, Nanjing 210029, P.R. China.",19,PhD,Medicine,4.814814814814816,20,7
184,"PLOS One, 14 April 2014 | Volume 9 | Issue 4 | e94472",10.1016/j.cyto.2014.07.249,2013,duplicated (negative) western blot,"Effects of Moraxella (Branhamella) ovis Culture Filtrates on Bovine Erythrocytes, Peripheral Mononuclear Cells and Corneal Epithelial Cells","Mikrobiologisches Institut, Universitätsklinikum Erlangen, Erlangen, Germany.",8,PhD,,3.333333333333333,66,16
185,"BioMed Research International Volume 2013, Article ID 358945",10.1016/j.cyto.2010.09.007,2003,Multiple cases of shifted or duplicated blot panels,Differential Effects of Collagen Prolyl 3-Hydroxylation on Skeletal Tissues,"Laboratoire de Gastroentérologie et Nutrition, Faculté de Médecine, Université de Nice-Sophia Antipolis, 06107 Nice Cedex 2, France.",3,,Biology,1.5833333333333333,300,10
186,"PNAS | January22,2013 | vol.110 | no.4 | 1441",10.1016/j.lungcan.2008.05.026,2010,Duplicated microscopy images,Astakine 2Åthe Dark Knight Linking Melatonin to Circadian Regulation in Crustaceans,"Department of Genetics, Osaka University Medical School, Suita, Japan.",6,,Physics,3.125,13,7
187,"Evidence-Based Complementary, and Alternative Medicine, Volume 2013, Article ID 938081",10.1371/journal.ppat.1003981,2012,Duplicated blots,Epigenetic Regulation of Cardiac Progenitor Cells Marker c-kit by Stromal Cell Derived Factor-1a,None,15,Ph.D.,,2.1818181818181817,27,5
188,"Int. J. Cancer: 133, 43Ä58 (2013)",10.1111/j.1348-0421.2004.tb03525.x,2013,"Overlapping microscopy, duplicated blots, multiple cases",X-Box Binding Protein 1 (XBP1s) Is a Critical Determinant of Pseudomonas aeruginosa Homoserine Lactone-Mediated Apoptosis,"Division of Nephrology and Center for Lung Biology, Department of Medicine and Pathology, University of Washington, Seattle, WA 98109, USA.",19,,,19.571428571428573,119,13
189,"Nature, Vol. 454, 24 July 2008, page 528",10.1371/journal.ppat.1003845,2013,two sets of duplicated facs panels but different percentages gated points,"Effects of Moraxella (Branhamella) ovis Culture Filtrates on Bovine Erythrocytes, Peripheral Mononuclear Cells and Corneal Epithelial Cells","Department of Developmental, Molecular and Chemical Biology, Tufts University School of Medicine, Boston, Massachusetts, United States of America",3,,Biology,1.0,127,10
190,"Int. J. Cancer: 132, 2270Ä2282 (2013)",10.1155/2013/594906,2010,"Duplicated FACS panels, but different gating numbers",Rab1A Is an mTORC1 Activator and a Colorectal Oncogene,"a Ovarian Cancer Research Center ; Department of Obstetrics and Gynecology ; Perelman School of Medicine; University of Pennsylvania ; Philadelphia , PA USA.",8,PhD in Molecular Biophysics,,30.0,12,1
191,Cytokine 37 (2007) 227Ä235,10.1128/IAI.00805-10,2014,Overlapping microscopy images,"Association and Evidence for Linked Recognition of Type IV Secretion System Proteins VirB9-1, VirB9-2 and VirB10 in Anaplasma marginale","Laboratoire de Gastroentérologie et Nutrition, Faculté de Médecine, Université de Nice-Sophia Antipolis, 06107 Nice Cedex 2, France.",29,,,5.409090909090909,300,16
192,Cytokine 54 (2011) 305Ä314,10.1371/journal.pgen.1004121,2013,"Duplicated blot, stretched","Effects of Moraxella (Branhamella) ovis Culture Filtrates on Bovine Erythrocytes, Peripheral Mononuclear Cells and Corneal Epithelial Cells","Department of Biochemistry and Molecular Biology, School of Medicine and Health Sciences, University of North Dakota, Grand Forks, North Dakota, USA",23,,Biology,150.0,5,7
193,"J. Clin. Microbiol. 2004, 42(2):665",10.1016/j.lungcan.2009.06.013,2013,Multiple cases of duplicated blot strips,"Molecular Cloning, Expression and Serological Evaluation of an 8-Kilodalton Subunit of Antigen B from Echinococcus multilocularis","School of Pharmacy, China Medical University, 91 Hsueh-Shih Road, Taichung 404, Taiwan.",22,PhD,Biology,60.0,50,12
194,"J. Clin. Microbiol. 2005, 43(7):3512. DOI: 10.1128/JCM.43.7.3512-3515.2005",10.1016/j.cyto.2011.02.016,1999,"Overlapping microscopy, mirrored blot panels, multiple cases",Terminalia catappa Exerts Antimetastatic Effects on Hepatocellular Carcinoma through Transcriptional Inhibition of Matrix Metalloproteinase-9 by Modulating NF-_B and AP-1 Activity,"Servicio de Microbiología, Hospital Son Dureta and Instituto Universitario de Investigación en Ciencias de la Salud, Palma de Mallorca, Spain.",11,,,7.0,27,9
195,"PLOS One, April 2014 | Volume 9 | Issue 4 | e93995",10.1128/IAI.06230-11,2014,Marker bands all identical?,Pathological Impact of Hepatitis B Virus Surface Proteins on the Liver Is Associated with the Host Genetic Background,"Laboratoire de Gastroentérologie et Nutrition, Faculté de Médecine, Université de Nice-Sophia Antipolis, 06107 Nice Cedex 2, France.",11,,,3.888888888888889,1,3
196,Cytokine 37 (2007) 227Ä235,10.1128/JCM.41.6.2341-2347.2003,2012,"Two sets of duplicated blot panels, one rotated",Terminalia catappa Exerts Antimetastatic Effects on Hepatocellular Carcinoma through Transcriptional Inhibition of Matrix Metalloproteinase-9 by Modulating NF-_B and AP-1 Activity,"Department of Molecular Biology and Microbiology, Graduate Program in Molecular Microbiology, Sackler School of Graduate Biomedical Science, Tufts University School of Medicine, Boston, Massachusetts, USA.",8,,,5.409090909090909,12,11
197,"BioMed Research International, Volume 2014, Article ID 936978",10.1128/IAI.72.3.1223-1229.2004,2013,"Duplicated yet altered blots, multiple cases",MKP-1 regulates cytokine mRNA stability through selectively modulation subcellular translocation of AUF1,"Department of Cardiology, Zhongda Hospital, Medical School of Southeast University, Nanjing, Jiangsu, China",15,,,1.3333333333333333,31,10
198,"Breast Cancer Research 2012, 14:R85",10.1002/ijc.28280,2011,"Rotated microscopy image, authors replied on PP",Functional analysis of Zyxin in cell migration and invasive potential of oral squamous cell carcinoma cells,"Laboratoire de Gastroentérologie et Nutrition, Faculté de Médecine, Université de Nice-Sophia Antipolis, 06107 Nice Cedex 2, France.",17,,,0.8333333333333334,70,12
199,"Infect. Immun. 2012, 80(7):2558",10.1371/journal.pone.0094830,2012,,"Upregulation of cytochrome P450 2J3/11,12-epoxyeicosatrienoic acid inhibits apoptosis in neonatal rat cardiomyocytes by a caspase-dependent pathway","Oncology Research, Pfizer Worldwide Research and Development, San Diego, California, United States of America",21,,,2.6153846153846154,10,2
200,"PLOS ONE, July 2013 | Volume 8 | Issue 7 | e69583, doi: 10.1371/journal.pone.0069583",10.1016/j.cyto.2009.07.004,2005,Duplicated bands in different order,S137 Phosphorylation of Profilin 1 Is an Important Signaling Event in Breast Cancer Progression,"Institute for Global Food Security, School of Biological Sciences, Medical Biology Centre, Queen's University Belfast, 97 Lisburn Road, Belfast BT9 7BL, UK.",25,PhD,,0.2682926829268293,35,9
201,"Evidence-Based Complementary, and Alternative Medicine, Volume 2012, Article ID 595292",10.1128/JCM.00001-09,2000,"Overlapping microscopy images, multiple times",DUSP1 Is a Novel Target for Enhancing Pancreatic Cancer Cell Sensitivity to Gemcitabine,"Department of Biology, Pamukkale University, Kinikli Campus, 20070 Denizli, Turkey.",7,PhD,,3.5,4,3
202,"Infection, and Immunity, Mar. 2005, p. 1754Ä1763 Vol. 73, No. 3",10.1128/IAI.71.2.766-773.2003,2014,"Multiple cases of duplicated blots, stretched",The deubiquitylase USP37 links REST to the control of p27 stability and cell proliferation,"Instituto de Fisiología Experimental, Consejo Nacional de Investigaciones Científicas y Técnicas (CONICET), Facultad de Ciencias Bioquímicas y Farmacéuticas, Universidad Nacional de Rosario, Suipacha 570, 2000 Rosario, Argentina.",17,,,0.6,15,11
203,"PLOS Pathogens, January 2014 | Volume 10 | Issue 1 | e1003896",10.1186/bcr3322,2005,Duplicated blot panels,Renal Overexpression of Atrial Natriuretic Peptide and Hypoxia Inducible Factor-1__ as Adaptive Response to a High Salt Diet,"Thoracic Surgery, Key Laboratory of Carcinogenesis and Translational Research Ministry of Education, Peking University School of Oncology, Beijing Cancer Hospital & Institute, Beijing, China",4,PhD Chemistry,,50.0,17,13
204,"J. Clin. Microbiol. 2004, 42(12):5885",10.1155/2013/467245,2001,Multiple cases of duplicated blots,Astakine 2Åthe Dark Knight Linking Melatonin to Circadian Regulation in Crustaceans,"Department of Enzymology, A.N. Belozersky Institute of Physico-Chemical Biology, Moscow State University, 119899 Moscow, Russia.",19,,,1.0,39,17
205,"Environmental Microbiology (2012) 14(8), 1982Ä1994",10.1128/mBio.00275-11,2009,Overlapping microscopy images,Interleukin-1 b inhibits NaC-KCATPase activity and protein expression in cardiac myocytes,"Thoracic Surgery, Key Laboratory of Carcinogenesis and Translational Research Ministry of Education, Peking University School of Oncology, Beijing Cancer Hospital & Institute, Beijing, China",13,,,1.8571428571428568,1,10
206,"Breast Cancer Research 2012, 14:R85",10.1128/IAI.01165-12,2014,Overlapping microscopy images,Distribution of the Secondary Type III Secretion System Locus Found in Enterohemorrhagic Escherichia coli O157:H7 Isolates among Shiga Toxin-Producing E. coli Strains,"Departments of Medicine, Biochemistry and Molecular Biology, Indiana University School of Medicine, The Melvin and Bren Simon Cancer Center and the Center for Pancreatic Cancer Research, Indianapolis, Indiana, United States of America",8,PhD,Physics,1.0,224,16
207,"Evidence-Based Complementary, and Alternative Medicine, Volume 2012, Article ID 732578",10.1155/2011/507920,2003,"duplicated, and stretched blot",Signaling pathway underlying the up-regulatory effect of TNF-a on the Na+/K+ ATPase in HepG2 cells,"Department of Molecular and Human Genetics, Baylor College of Medicine, Houston, Texas, United States of America",13,,,0.75,2,14
208,"J. Clin. Microbiol. 1998, 36(6):1666-1673",10.1016/j.cyto.2003.11.014,2013,"very similar negative microscopy images, very similar cell grouping in other image",Involvement of Nrf2-Mediated Upregulation of Heme Oxygenase-1 in Mollugin-Induced Growth Inhibition and Apoptosis in Human Oral Cancer Cells,"Department of Cardiology, Zhongda Hospital, Medical School of Southeast University, Nanjing, Jiangsu, China",19,,,0.18181818181818185,87,13
209,Cytokine 30 (2005) 319-327,10.1371/journal.pone.0069134,2013,"duplicated blot strips, slightly shifted",Multidrug resistance protein MdtM adds to the repertoire of antiporters involved in alkaline pH homeostasis in Escherichia coli,"UMR 7242, Université de Strasbourg-CNRS, ESBS, Blvd Sébastien Brant, F-67413 Illkirch, Strasbourg, France.",9,Doctor of Philosophy,,1.25,2,12
210,Cytokine 37 (2007) 227Ä235,10.1016/j.lungcan.2006.06.001,2003,Overlapping microscopy images,Poison Domains Block Transit of Translocated Substrates via the Legionella pneumophila Icm/Dot System,"Université de Lyon, Université Lyon 1, CNRS UMR 5240 ""Microbiologie, Adaptation et Pathogénie,"" 69622 Villeurbanne, France.",4,,,3.4444444444444446,13,12
211,"BioMed Research International Volume 2013, Article ID 210604",10.1371/journal.pone.0095926,2014,"Duplicated blot panels, shifted",HtrA1 in human urothelial bladder cancer: A secreted protein and a potential novel biomarker,"Division of Respiratory Infections, Department of Medicine, National Jewish Medical and Research Center, 1400 Jackson St., Neustadt D-403, Denver, CO 80206, USA. JeyaseelanS@NJC.org",9,PhD,Biology,0.75,52,10
212,Cytokine 46 (2009) 96Ä99,10.1128/mBio.00495-12,2006,duplicated/mirrored blot panels (negative blots),Baicalein Selectively Induces Apoptosis in Activated Lymphocytes and Ameliorates Concanavalin A-Induced Hepatitis in Mice,"Department of Gastroenterology, Justus Liebig University, Giessen, Germany",15,,,1.2727272727272727,3,27
213,"PLOS One, April 2014 | Volume 9 | Issue 4 | e94830",10.1371/journal.pone.0089546,2013,Duplicated bands within same blot,The phosphatidylinositol-3 kinase I inhibitor BKM120 induces cell death in B-chronic lymphocytic leukemia cells in vitro,"Department of Biology, University of North Carolina at Charlotte, Charlotte, North Carolina 28223, USA. lwschrum@email.uncc.edu",5,,Biology,0.75,77,1
